id,category,title,file,thumb,width,height,bytes,original
auto-detailing/ceramic-coating-maintenance-products-used-to-keep-a-car-finish-clean-and-glossy,Auto Detailing,Ceramic coating maintenance products used to keep a car finish clean and glossy,images/auto-detailing/ceramic-coating-maintenance-products-used-to-keep-a-car-finish-clean-and-glossy.webp,thumbs/auto-detailing/ceramic-coating-maintenance-products-used-to-keep-a-car-finish-clean-and-glossy.webp,1536,1024,177812,ceramic_coating_maintenance_products_used_to_keep_a_car_finish_clean_and_glossy.png
auto-detailing/daily-driver-receiving-vehicle-finish-preservation-care,Auto Detailing,Daily driver receiving vehicle finish preservation care,images/auto-detailing/daily-driver-receiving-vehicle-finish-preservation-care.webp,thumbs/auto-detailing/daily-driver-receiving-vehicle-finish-preservation-care.webp,1536,1024,144552,daily_driver_receiving_vehicle_finish_preservation_care.png
auto-detailing/detailer-applying-protection-for-summer-car-paint-care,Auto Detailing,Detailer applying protection for summer car paint care,images/auto-detailing/detailer-applying-protection-for-summer-car-paint-care.webp,thumbs/auto-detailing/detailer-applying-protection-for-summer-car-paint-care.webp,1536,1024,182438,detailer_applying_protection_for_summer_car_paint_care.png
auto-detailing/paint-correction-compounds-being-used-to-restore-a-glossy-car-finish,Auto Detailing,Paint correction compounds being used to restore a glossy car finish,images/auto-detailing/paint-correction-compounds-being-used-to-restore-a-glossy-car-finish.webp,thumbs/auto-detailing/paint-correction-compounds-being-used-to-restore-a-glossy-car-finish.webp,1536,1024,135802,paint_correction_compounds_being_used_to_restore_a_glossy_car_finish.png
auto-repair-and-maintenance/alternator-vs-battery-symptoms-shown-through-dim-dashboard-lights,Auto Repair & Maintenance,Alternator vs battery symptoms shown through dim dashboard lights,images/auto-repair-and-maintenance/alternator-vs-battery-symptoms-shown-through-dim-dashboard-lights.webp,thumbs/auto-repair-and-maintenance/alternator-vs-battery-symptoms-shown-through-dim-dashboard-lights.webp,1536,1024,62686,alternator_vs_battery_symptoms_shown_through_dim_dashboard_lights.png
auto-repair-and-maintenance/car-break-in-prevention-with-safe-parking-habits,Auto Repair & Maintenance,Car break in prevention with safe parking habits,images/auto-repair-and-maintenance/car-break-in-prevention-with-safe-parking-habits.webp,thumbs/auto-repair-and-maintenance/car-break-in-prevention-with-safe-parking-habits.webp,1536,1024,254970,car_break_in_prevention_with_safe_parking_habits.png
auto-repair-and-maintenance/fleet-vehicle-inspection-checklist-for-safer-fleet-maintenance,Auto Repair & Maintenance,Fleet vehicle inspection checklist for safer fleet maintenance,images/auto-repair-and-maintenance/fleet-vehicle-inspection-checklist-for-safer-fleet-maintenance.webp,thumbs/auto-repair-and-maintenance/fleet-vehicle-inspection-checklist-for-safer-fleet-maintenance.webp,1536,1024,155532,fleet_vehicle_inspection_checklist_for_safer_fleet_maintenance.png
auto-repair-and-maintenance/mechanic-reviewing-a-pre-purchase-car-inspection-checklist,Auto Repair & Maintenance,Mechanic reviewing a pre purchase car inspection checklist,images/auto-repair-and-maintenance/mechanic-reviewing-a-pre-purchase-car-inspection-checklist.webp,thumbs/auto-repair-and-maintenance/mechanic-reviewing-a-pre-purchase-car-inspection-checklist.webp,1536,1024,137594,mechanic_reviewing_a_pre_purchase_car_inspection_checklist.png
auto-repair-and-maintenance/wheel-bearing-noise-warning-signs-during-daily-driving,Auto Repair & Maintenance,Wheel bearing noise warning signs during daily driving,images/auto-repair-and-maintenance/wheel-bearing-noise-warning-signs-during-daily-driving.webp,thumbs/auto-repair-and-maintenance/wheel-bearing-noise-warning-signs-during-daily-driving.webp,1536,1024,143946,wheel_bearing_noise_warning_signs_during_daily_driving.png
car-audio-and-electronics/best-car-speakers-2026-installed-for-clearer-dashboard-sound,Car Audio & Electronics,Best car speakers 2026 installed for clearer dashboard sound,images/car-audio-and-electronics/best-car-speakers-2026-installed-for-clearer-dashboard-sound.webp,thumbs/car-audio-and-electronics/best-car-speakers-2026-installed-for-clearer-dashboard-sound.webp,1536,1024,164948,best_car_speakers_2026_installed_for_clearer_dashboard_sound.png
car-audio-and-electronics/bluetooth-car-stereo-upgrade-with-a-clean-modern-dashboard,Car Audio & Electronics,Bluetooth car stereo upgrade with a clean modern dashboard,images/car-audio-and-electronics/bluetooth-car-stereo-upgrade-with-a-clean-modern-dashboard.webp,thumbs/car-audio-and-electronics/bluetooth-car-stereo-upgrade-with-a-clean-modern-dashboard.webp,1536,1024,165578,bluetooth_car_stereo_upgrade_with_a_clean_modern_dashboard.png
car-audio-and-electronics/car-amplifier-installation-setup-for-clearer-vehicle-sound,Car Audio & Electronics,Car amplifier installation setup for clearer vehicle sound,images/car-audio-and-electronics/car-amplifier-installation-setup-for-clearer-vehicle-sound.webp,thumbs/car-audio-and-electronics/car-amplifier-installation-setup-for-clearer-vehicle-sound.webp,1536,1024,248660,car_amplifier_installation_setup_for_clearer_vehicle_sound.png
car-audio-and-electronics/car-audio-installation-with-upgraded-dashboard-stereo,Car Audio & Electronics,Car audio installation with upgraded dashboard stereo,images/car-audio-and-electronics/car-audio-installation-with-upgraded-dashboard-stereo.webp,thumbs/car-audio-and-electronics/car-audio-installation-with-upgraded-dashboard-stereo.webp,1536,1024,153752,car_audio_installation_with_upgraded_dashboard_stereo.png
car-audio-and-electronics/car-stereo-installation-guide-showing-dashboard-stereo-setup,Car Audio & Electronics,Car stereo installation guide showing dashboard stereo setup,images/car-audio-and-electronics/car-stereo-installation-guide-showing-dashboard-stereo-setup.webp,thumbs/car-audio-and-electronics/car-stereo-installation-guide-showing-dashboard-stereo-setup.webp,1536,1024,226196,car_stereo_installation_guide_showing_dashboard_stereo_setup.png
car-audio-and-electronics/car-stereo-installation-process-with-dashboard-setup,Car Audio & Electronics,Car stereo installation process with dashboard setup,images/car-audio-and-electronics/car-stereo-installation-process-with-dashboard-setup.webp,thumbs/car-audio-and-electronics/car-stereo-installation-process-with-dashboard-setup.webp,1536,1024,230326,car_stereo_installation_process_with_dashboard_setup.png
car-audio-and-electronics/single-din-vs-double-din-dashboard-fit-comparison-for-car-stereo-upgrades,Car Audio & Electronics,Single din vs double din dashboard fit comparison for car stereo upgrades,images/car-audio-and-electronics/single-din-vs-double-din-dashboard-fit-comparison-for-car-stereo-upgrades.webp,thumbs/car-audio-and-electronics/single-din-vs-double-din-dashboard-fit-comparison-for-car-stereo-upgrades.webp,1536,1024,151446,single_din_vs_double_din_dashboard_fit_comparison_for_car_stereo_upgrades.png
cleaning/allergy-season-cleaning-tips-for-a-fresher-home,Cleaning,Allergy season cleaning tips for a fresher home,images/cleaning/allergy-season-cleaning-tips-for-a-fresher-home.webp,thumbs/cleaning/allergy-season-cleaning-tips-for-a-fresher-home.webp,1536,1024,123616,allergy_season_cleaning_tips_for_a_fresher_home.png
cleaning/decluttering-tips-before-cleaning-a-tidy-living-room,Cleaning,Decluttering tips before cleaning a tidy living room,images/cleaning/decluttering-tips-before-cleaning-a-tidy-living-room.webp,thumbs/cleaning/decluttering-tips-before-cleaning-a-tidy-living-room.webp,1536,1024,200954,decluttering_tips_before_cleaning_a_tidy_living_room.png
cleaning/deep-cleaning-variant-1,Cleaning,Deep cleaning variant 1,images/cleaning/deep-cleaning-variant-1.webp,thumbs/cleaning/deep-cleaning-variant-1.webp,1536,1024,115186,deep-cleaning-variant-1.png
cleaning/deep-cleaning-variant-2,Cleaning,Deep cleaning variant 2,images/cleaning/deep-cleaning-variant-2.webp,thumbs/cleaning/deep-cleaning-variant-2.webp,1254,1254,162384,deep-cleaning-variant-2.png
cleaning/deep-cleaning-variant-3,Cleaning,Deep cleaning variant 3,images/cleaning/deep-cleaning-variant-3.webp,thumbs/cleaning/deep-cleaning-variant-3.webp,1536,1024,109224,deep-cleaning-variant-3.png
cleaning/deep-cleaning-variant-4,Cleaning,Deep cleaning variant 4,images/cleaning/deep-cleaning-variant-4.webp,thumbs/cleaning/deep-cleaning-variant-4.webp,1536,1024,223862,deep-cleaning-variant-4.png
cleaning/high-touch-surface-cleaning-checklist-for-home-touchpoints,Cleaning,High touch surface cleaning checklist for home touchpoints,images/cleaning/high-touch-surface-cleaning-checklist-for-home-touchpoints.webp,thumbs/cleaning/high-touch-surface-cleaning-checklist-for-home-touchpoints.webp,1536,1024,73912,high_touch_surface_cleaning_checklist_for_home_touchpoints.png
cleaning/house-cleaning-service-variant-1,Cleaning,House cleaning service variant 1,images/cleaning/house-cleaning-service-variant-1.webp,thumbs/cleaning/house-cleaning-service-variant-1.webp,1536,1024,245620,house-cleaning-service-variant-1.png
cleaning/house-cleaning-service-variant-2,Cleaning,House cleaning service variant 2,images/cleaning/house-cleaning-service-variant-2.webp,thumbs/cleaning/house-cleaning-service-variant-2.webp,1254,1254,156960,house-cleaning-service-variant-2.png
cleaning/house-cleaning-service-variant-3,Cleaning,House cleaning service variant 3,images/cleaning/house-cleaning-service-variant-3.webp,thumbs/cleaning/house-cleaning-service-variant-3.webp,1536,1024,69206,house-cleaning-service-variant-3.png
cleaning/house-cleaning-service-variant-4,Cleaning,House cleaning service variant 4,images/cleaning/house-cleaning-service-variant-4.webp,thumbs/cleaning/house-cleaning-service-variant-4.webp,1254,1254,287474,house-cleaning-service-variant-4.png
cleaning/house-cleaning-variant-1,Cleaning,House cleaning variant 1,images/cleaning/house-cleaning-variant-1.webp,thumbs/cleaning/house-cleaning-variant-1.webp,1536,1024,138202,house-cleaning-variant-1.png
cleaning/house-cleaning-variant-2,Cleaning,House cleaning variant 2,images/cleaning/house-cleaning-variant-2.webp,thumbs/cleaning/house-cleaning-variant-2.webp,1254,1254,125470,house-cleaning-variant-2.png
cleaning/house-cleaning-variant-3,Cleaning,House cleaning variant 3,images/cleaning/house-cleaning-variant-3.webp,thumbs/cleaning/house-cleaning-variant-3.webp,1536,1024,98300,house-cleaning-variant-3.png
cleaning/house-cleaning-variant-4,Cleaning,House cleaning variant 4,images/cleaning/house-cleaning-variant-4.webp,thumbs/cleaning/house-cleaning-variant-4.webp,1254,1254,288020,house-cleaning-variant-4.png
cleaning/office-cleaning-services-variant-1,Cleaning,Office cleaning services variant 1,images/cleaning/office-cleaning-services-variant-1.webp,thumbs/cleaning/office-cleaning-services-variant-1.webp,1536,1024,175612,office-cleaning-services-variant-1.png
cleaning/office-cleaning-services-variant-2,Cleaning,Office cleaning services variant 2,images/cleaning/office-cleaning-services-variant-2.webp,thumbs/cleaning/office-cleaning-services-variant-2.webp,1254,1254,176166,office-cleaning-services-variant-2.png
cleaning/office-cleaning-services-variant-3,Cleaning,Office cleaning services variant 3,images/cleaning/office-cleaning-services-variant-3.webp,thumbs/cleaning/office-cleaning-services-variant-3.webp,1536,1024,119348,office-cleaning-services-variant-3.png
cleaning/office-cleaning-services-variant-4,Cleaning,Office cleaning services variant 4,images/cleaning/office-cleaning-services-variant-4.webp,thumbs/cleaning/office-cleaning-services-variant-4.webp,1536,1024,153262,office-cleaning-services-variant-4.png
cleaning/office-cleaning-variant-1,Cleaning,Office cleaning variant 1,images/cleaning/office-cleaning-variant-1.webp,thumbs/cleaning/office-cleaning-variant-1.webp,1536,1024,140364,office-cleaning-variant-1.png
cleaning/office-cleaning-variant-2,Cleaning,Office cleaning variant 2,images/cleaning/office-cleaning-variant-2.webp,thumbs/cleaning/office-cleaning-variant-2.webp,1254,1254,347702,office-cleaning-variant-2.png
cleaning/office-cleaning-variant-3,Cleaning,Office cleaning variant 3,images/cleaning/office-cleaning-variant-3.webp,thumbs/cleaning/office-cleaning-variant-3.webp,1536,1024,89840,office-cleaning-variant-3.png
cleaning/office-cleaning-variant-4,Cleaning,Office cleaning variant 4,images/cleaning/office-cleaning-variant-4.webp,thumbs/cleaning/office-cleaning-variant-4.webp,1536,1024,198230,office-cleaning-variant-4.png
cleaning/post-party-home-cleanup-checklist-for-resetting-a-living-room-after-guests,Cleaning,Post party home cleanup checklist for resetting a living room after guests,images/cleaning/post-party-home-cleanup-checklist-for-resetting-a-living-room-after-guests.webp,thumbs/cleaning/post-party-home-cleanup-checklist-for-resetting-a-living-room-after-guests.webp,1536,1024,235892,post_party_home_cleanup_checklist_for_resetting_a_living_room_after_guests.png
cleaning/pre-post-construction-cleaning-variant-1,Cleaning,Pre post construction cleaning variant 1,images/cleaning/pre-post-construction-cleaning-variant-1.webp,thumbs/cleaning/pre-post-construction-cleaning-variant-1.webp,1536,1024,153586,pre-post-construction-cleaning-variant-1.png
cleaning/pre-post-construction-cleaning-variant-2,Cleaning,Pre post construction cleaning variant 2,images/cleaning/pre-post-construction-cleaning-variant-2.webp,thumbs/cleaning/pre-post-construction-cleaning-variant-2.webp,1254,1254,191150,pre-post-construction-cleaning-variant-2.png
cleaning/pre-post-construction-cleaning-variant-3,Cleaning,Pre post construction cleaning variant 3,images/cleaning/pre-post-construction-cleaning-variant-3.webp,thumbs/cleaning/pre-post-construction-cleaning-variant-3.webp,1536,1024,104816,pre-post-construction-cleaning-variant-3.png
cleaning/pre-post-construction-cleaning-variant-4,Cleaning,Pre post construction cleaning variant 4,images/cleaning/pre-post-construction-cleaning-variant-4.webp,thumbs/cleaning/pre-post-construction-cleaning-variant-4.webp,1536,1024,139544,pre-post-construction-cleaning-variant-4.png
commercial-doors/commercial-door-maintenance-in-chicago,Commercial Doors,Commercial door maintenance in chicago,images/commercial-doors/commercial-door-maintenance-in-chicago.webp,thumbs/commercial-doors/commercial-door-maintenance-in-chicago.webp,1536,1024,210182,commercial_door_maintenance_in_chicago.png
commercial-doors/team-reviewing-commercial-door-upgrades-chicago-summer-2026-for-storefront-security,Commercial Doors,Team reviewing commercial door upgrades chicago summer 2026 for storefront security,images/commercial-doors/team-reviewing-commercial-door-upgrades-chicago-summer-2026-for-storefront-security.webp,thumbs/commercial-doors/team-reviewing-commercial-door-upgrades-chicago-summer-2026-for-storefront-security.webp,1536,1024,131156,team_reviewing_commercial_door_upgrades_chicago_summer_2026_for_storefront_security.png
commercial-doors/technician-checking-ada-door-closer-requirements-chicago-commercial-entry,Commercial Doors,Technician checking ada door closer requirements chicago commercial entry,images/commercial-doors/technician-checking-ada-door-closer-requirements-chicago-commercial-entry.webp,thumbs/commercial-doors/technician-checking-ada-door-closer-requirements-chicago-commercial-entry.webp,1536,1024,143048,technician_checking_ada_door_closer_requirements_chicago_commercial_entry.png
commercial-doors/technician-checking-commercial-door-alignment-problems-summer-in-chicago,Commercial Doors,Technician checking commercial door alignment problems summer in chicago,images/commercial-doors/technician-checking-commercial-door-alignment-problems-summer-in-chicago.webp,thumbs/commercial-doors/technician-checking-commercial-door-alignment-problems-summer-in-chicago.webp,1536,1024,173878,technician_checking_commercial_door_alignment_problems_summer_in_chicago.png
commercial-doors/technician-checking-commercial-door-maintenance-in-chicago-during-summer,Commercial Doors,Technician checking commercial door maintenance in chicago during summer,images/commercial-doors/technician-checking-commercial-door-maintenance-in-chicago-during-summer.webp,thumbs/commercial-doors/technician-checking-commercial-door-maintenance-in-chicago-during-summer.webp,1536,1024,245360,technician_checking_commercial_door_maintenance_in_chicago_during_summer.png
concrete-and-floor-coatings/commercial-kitchen-epoxy-flooring-in-a-clean-food-prep-area,Concrete & Floor Coatings,Commercial kitchen epoxy flooring in a clean food prep area,images/concrete-and-floor-coatings/commercial-kitchen-epoxy-flooring-in-a-clean-food-prep-area.webp,thumbs/concrete-and-floor-coatings/commercial-kitchen-epoxy-flooring-in-a-clean-food-prep-area.webp,1536,1024,148682,commercial_kitchen_epoxy_flooring_in_a_clean_food_prep_area.png
concrete-and-floor-coatings/concrete-floor-coating-thickness-guide-for-durable-floors,Concrete & Floor Coatings,Concrete floor coating thickness guide for durable floors,images/concrete-and-floor-coatings/concrete-floor-coating-thickness-guide-for-durable-floors.webp,thumbs/concrete-and-floor-coatings/concrete-floor-coating-thickness-guide-for-durable-floors.webp,1536,1024,148296,concrete_floor_coating_thickness_guide_for_durable_floors.png
concrete-and-floor-coatings/concrete-patio-sealing-protecting-a-clean-backyard-patio,Concrete & Floor Coatings,Concrete patio sealing protecting a clean backyard patio,images/concrete-and-floor-coatings/concrete-patio-sealing-protecting-a-clean-backyard-patio.webp,thumbs/concrete-and-floor-coatings/concrete-patio-sealing-protecting-a-clean-backyard-patio.webp,1536,1024,335594,concrete_patio_sealing_protecting_a_clean_backyard_patio.png
concrete-and-floor-coatings/driveway-crack-repair-guide-for-a-clean-fresno-home-entrance,Concrete & Floor Coatings,Driveway crack repair guide for a clean fresno home entrance,images/concrete-and-floor-coatings/driveway-crack-repair-guide-for-a-clean-fresno-home-entrance.webp,thumbs/concrete-and-floor-coatings/driveway-crack-repair-guide-for-a-clean-fresno-home-entrance.webp,1536,1024,292030,driveway_crack_repair_guide_for_a_clean_fresno_home_entrance.png
concrete-and-floor-coatings/parking-lot-joint-sealing-protecting-a-commercial-concrete-surface,Concrete & Floor Coatings,Parking lot joint sealing protecting a commercial concrete surface,images/concrete-and-floor-coatings/parking-lot-joint-sealing-protecting-a-commercial-concrete-surface.webp,thumbs/concrete-and-floor-coatings/parking-lot-joint-sealing-protecting-a-commercial-concrete-surface.webp,1536,1024,283378,parking_lot_joint_sealing_protecting_a_commercial_concrete_surface.png
concrete-and-floor-coatings/polyurea-floor-coating-benefits-for-a-clean-commercial-workspace,Concrete & Floor Coatings,Polyurea floor coating benefits for a clean commercial workspace,images/concrete-and-floor-coatings/polyurea-floor-coating-benefits-for-a-clean-commercial-workspace.webp,thumbs/concrete-and-floor-coatings/polyurea-floor-coating-benefits-for-a-clean-commercial-workspace.webp,1536,1024,180558,polyurea_floor_coating_benefits_for_a_clean_commercial_workspace.png
concrete-and-floor-coatings/polyurethane-caulk-for-concrete-joints-applied-to-an-outdoor-walkway,Concrete & Floor Coatings,Polyurethane caulk for concrete joints applied to an outdoor walkway,images/concrete-and-floor-coatings/polyurethane-caulk-for-concrete-joints-applied-to-an-outdoor-walkway.webp,thumbs/concrete-and-floor-coatings/polyurethane-caulk-for-concrete-joints-applied-to-an-outdoor-walkway.webp,1536,1024,316644,polyurethane_caulk_for_concrete_joints_applied_to_an_outdoor_walkway.png
concrete-and-floor-coatings/uv-resistant-outdoor-concrete-coating-on-a-clean-patio-surface,Concrete & Floor Coatings,Uv resistant outdoor concrete coating on a clean patio surface,images/concrete-and-floor-coatings/uv-resistant-outdoor-concrete-coating-on-a-clean-patio-surface.webp,thumbs/concrete-and-floor-coatings/uv-resistant-outdoor-concrete-coating-on-a-clean-patio-surface.webp,1536,1024,342150,uv_resistant_outdoor_concrete_coating_on_a_clean_patio_surface.png
concrete-and-floor-coatings/warehouse-floor-coating-repair-for-safer-industrial-work-areas,Concrete & Floor Coatings,Warehouse floor coating repair for safer industrial work areas,images/concrete-and-floor-coatings/warehouse-floor-coating-repair-for-safer-industrial-work-areas.webp,thumbs/concrete-and-floor-coatings/warehouse-floor-coating-repair-for-safer-industrial-work-areas.webp,1536,1024,215368,warehouse_floor_coating_repair_for_safer_industrial_work_areas.png
fencing-and-decks/backyard-gate-safety-setup-for-a-family-yard-with-pets-and-children,Fencing & Decks,Backyard gate safety setup for a family yard with pets and children,images/fencing-and-decks/backyard-gate-safety-setup-for-a-family-yard-with-pets-and-children.webp,thumbs/fencing-and-decks/backyard-gate-safety-setup-for-a-family-yard-with-pets-and-children.webp,1536,1024,403870,backyard_gate_safety_setup_for_a_family_yard_with_pets_and_children.png
fencing-and-decks/chain-link-fence-variant-1,Fencing & Decks,Chain link fence variant 1,images/fencing-and-decks/chain-link-fence-variant-1.webp,thumbs/fencing-and-decks/chain-link-fence-variant-1.webp,1254,1254,574838,chain-link-fence-variant-1.png
fencing-and-decks/chain-link-fence-variant-2,Fencing & Decks,Chain link fence variant 2,images/fencing-and-decks/chain-link-fence-variant-2.webp,thumbs/fencing-and-decks/chain-link-fence-variant-2.webp,1536,1024,548484,chain-link-fence-variant-2.png
fencing-and-decks/chain-link-fence-variant-3,Fencing & Decks,Chain link fence variant 3,images/fencing-and-decks/chain-link-fence-variant-3.webp,thumbs/fencing-and-decks/chain-link-fence-variant-3.webp,1536,1024,122702,chain-link-fence-variant-3.png
fencing-and-decks/chain-link-fence-variant-4,Fencing & Decks,Chain link fence variant 4,images/fencing-and-decks/chain-link-fence-variant-4.webp,thumbs/fencing-and-decks/chain-link-fence-variant-4.webp,1536,1024,502942,chain-link-fence-variant-4.png
fencing-and-decks/deck-furniture-layout-with-clear-seating-and-walking-space,Fencing & Decks,Deck furniture layout with clear seating and walking space,images/fencing-and-decks/deck-furniture-layout-with-clear-seating-and-walking-space.webp,thumbs/fencing-and-decks/deck-furniture-layout-with-clear-seating-and-walking-space.webp,1536,1024,487774,deck_furniture_layout_with_clear_seating_and_walking_space.png
fencing-and-decks/deck-repair-variant-1,Fencing & Decks,Deck repair variant 1,images/fencing-and-decks/deck-repair-variant-1.webp,thumbs/fencing-and-decks/deck-repair-variant-1.webp,1254,1254,436084,deck-repair-variant-1.png
fencing-and-decks/deck-repair-variant-2,Fencing & Decks,Deck repair variant 2,images/fencing-and-decks/deck-repair-variant-2.webp,thumbs/fencing-and-decks/deck-repair-variant-2.webp,1536,1024,413882,deck-repair-variant-2.png
fencing-and-decks/deck-repair-variant-3,Fencing & Decks,Deck repair variant 3,images/fencing-and-decks/deck-repair-variant-3.webp,thumbs/fencing-and-decks/deck-repair-variant-3.webp,1536,1024,169828,deck-repair-variant-3.png
fencing-and-decks/deck-repair-variant-4,Fencing & Decks,Deck repair variant 4,images/fencing-and-decks/deck-repair-variant-4.webp,thumbs/fencing-and-decks/deck-repair-variant-4.webp,1536,1024,380016,deck-repair-variant-4.png
fencing-and-decks/home-fence-checked-during-summer-fence-maintenance,Fencing & Decks,Home fence checked during summer fence maintenance,images/fencing-and-decks/home-fence-checked-during-summer-fence-maintenance.webp,thumbs/fencing-and-decks/home-fence-checked-during-summer-fence-maintenance.webp,1536,1024,383294,home_fence_checked_during_summer_fence_maintenance.png
fencing-and-decks/homeowner-checking-summer-deck-safety-before-an-outdoor-gathering,Fencing & Decks,Homeowner checking summer deck safety before an outdoor gathering,images/fencing-and-decks/homeowner-checking-summer-deck-safety-before-an-outdoor-gathering.webp,thumbs/fencing-and-decks/homeowner-checking-summer-deck-safety-before-an-outdoor-gathering.webp,1536,1024,243658,homeowner_checking_summer_deck_safety_before_an_outdoor_gathering.png
fencing-and-decks/pvc-vinyl-fence-installation-variant-1,Fencing & Decks,Pvc vinyl fence installation variant 1,images/fencing-and-decks/pvc-vinyl-fence-installation-variant-1.webp,thumbs/fencing-and-decks/pvc-vinyl-fence-installation-variant-1.webp,1254,1254,478742,pvc-vinyl-fence-installation-variant-1.png
fencing-and-decks/pvc-vinyl-fence-installation-variant-2,Fencing & Decks,Pvc vinyl fence installation variant 2,images/fencing-and-decks/pvc-vinyl-fence-installation-variant-2.webp,thumbs/fencing-and-decks/pvc-vinyl-fence-installation-variant-2.webp,1536,1024,338596,pvc-vinyl-fence-installation-variant-2.png
fencing-and-decks/pvc-vinyl-fence-installation-variant-3,Fencing & Decks,Pvc vinyl fence installation variant 3,images/fencing-and-decks/pvc-vinyl-fence-installation-variant-3.webp,thumbs/fencing-and-decks/pvc-vinyl-fence-installation-variant-3.webp,1536,1024,57422,pvc-vinyl-fence-installation-variant-3.png
fencing-and-decks/pvc-vinyl-fence-installation-variant-4,Fencing & Decks,Pvc vinyl fence installation variant 4,images/fencing-and-decks/pvc-vinyl-fence-installation-variant-4.webp,thumbs/fencing-and-decks/pvc-vinyl-fence-installation-variant-4.webp,1536,1024,272068,pvc-vinyl-fence-installation-variant-4.png
fencing-and-decks/raised-deck-ventilation-showing-open-space-for-better-airflow-under-decks,Fencing & Decks,Raised deck ventilation showing open space for better airflow under decks,images/fencing-and-decks/raised-deck-ventilation-showing-open-space-for-better-airflow-under-decks.webp,thumbs/fencing-and-decks/raised-deck-ventilation-showing-open-space-for-better-airflow-under-decks.webp,1536,1024,427456,raised_deck_ventilation_showing_open_space_for_better_airflow_under_decks.png
fencing-and-decks/shaded-outdoor-deck-with-deck-heat-protection-for-summer-comfort,Fencing & Decks,Shaded outdoor deck with deck heat protection for summer comfort,images/fencing-and-decks/shaded-outdoor-deck-with-deck-heat-protection-for-summer-comfort.webp,thumbs/fencing-and-decks/shaded-outdoor-deck-with-deck-heat-protection-for-summer-comfort.webp,1536,1024,375776,shaded_outdoor_deck_with_deck_heat_protection_for_summer_comfort.png
fencing-and-decks/straight-fence-panels-showing-strong-fence-panel-stability-in-a-clean-yard,Fencing & Decks,Straight fence panels showing strong fence panel stability in a clean yard,images/fencing-and-decks/straight-fence-panels-showing-strong-fence-panel-stability-in-a-clean-yard.webp,thumbs/fencing-and-decks/straight-fence-panels-showing-strong-fence-panel-stability-in-a-clean-yard.webp,1536,1024,536062,straight_fence_panels_showing_strong_fence_panel_stability_in_a_clean_yard.png
fencing-and-decks/water-collecting-near-a-fence-post-with-drainage-issues,Fencing & Decks,Water collecting near a fence post with drainage issues,images/fencing-and-decks/water-collecting-near-a-fence-post-with-drainage-issues.webp,thumbs/fencing-and-decks/water-collecting-near-a-fence-post-with-drainage-issues.webp,1536,1024,503736,water_collecting_near_a_fence_post_with_drainage_issues.png
flooring/carpet-installation-variant-1,Flooring,Carpet installation variant 1,images/flooring/carpet-installation-variant-1.webp,thumbs/flooring/carpet-installation-variant-1.webp,1536,1024,244376,carpet-installation-variant-1.png
flooring/carpet-installation-variant-2,Flooring,Carpet installation variant 2,images/flooring/carpet-installation-variant-2.webp,thumbs/flooring/carpet-installation-variant-2.webp,1254,1254,363954,carpet-installation-variant-2.png
flooring/carpet-installation-variant-3,Flooring,Carpet installation variant 3,images/flooring/carpet-installation-variant-3.webp,thumbs/flooring/carpet-installation-variant-3.webp,1254,1254,189354,carpet-installation-variant-3.png
flooring/carpet-installation-variant-4,Flooring,Carpet installation variant 4,images/flooring/carpet-installation-variant-4.webp,thumbs/flooring/carpet-installation-variant-4.webp,1254,1254,343358,carpet-installation-variant-4.png
flooring/engineered-hardwood-for-upstairs-bedrooms-with-a-warm-and-calm-design,Flooring,Engineered hardwood for upstairs bedrooms with a warm and calm design,images/flooring/engineered-hardwood-for-upstairs-bedrooms-with-a-warm-and-calm-design.webp,thumbs/flooring/engineered-hardwood-for-upstairs-bedrooms-with-a-warm-and-calm-design.webp,1536,1024,279366,engineered_hardwood_for_upstairs_bedrooms_with_a_warm_and_calm_design.png
flooring/engineered-hardwood-for-upstairs-bedrooms-with-a-warm-and-calm-design-replacement,Flooring,Engineered hardwood for upstairs bedrooms with a warm and calm design replacement,images/flooring/engineered-hardwood-for-upstairs-bedrooms-with-a-warm-and-calm-design-replacement.webp,thumbs/flooring/engineered-hardwood-for-upstairs-bedrooms-with-a-warm-and-calm-design-replacement.webp,1535,1024,210646,engineered_hardwood_for_upstairs_bedrooms_with_a_warm_and_calm_design_replacement.png
flooring/flooring-for-open-concept-homes-connecting-a-dallas-living-room-and-dining-area,Flooring,Flooring for open concept homes connecting a dallas living room and dining area,images/flooring/flooring-for-open-concept-homes-connecting-a-dallas-living-room-and-dining-area.webp,thumbs/flooring/flooring-for-open-concept-homes-connecting-a-dallas-living-room-and-dining-area.webp,1536,1024,289394,flooring_for_open_concept_homes_connecting_a_dallas_living_room_and_dining_area.png
flooring/hardwood-floor-repair-estimate-for-a-dallas-home-with-visible-floor-damage,Flooring,Hardwood floor repair estimate for a dallas home with visible floor damage,images/flooring/hardwood-floor-repair-estimate-for-a-dallas-home-with-visible-floor-damage.webp,thumbs/flooring/hardwood-floor-repair-estimate-for-a-dallas-home-with-visible-floor-damage.webp,1536,1024,178498,hardwood_floor_repair_estimate_for_a_dallas_home_with_visible_floor_damage.png
flooring/hardwood-floor-uv-damage-prevention-in-a-bright-living-room,Flooring,Hardwood floor uv damage prevention in a bright living room,images/flooring/hardwood-floor-uv-damage-prevention-in-a-bright-living-room.webp,thumbs/flooring/hardwood-floor-uv-damage-prevention-in-a-bright-living-room.webp,1536,1024,357048,hardwood_floor_uv_damage_prevention_in_a_bright_living_room.png
flooring/hardwood-repair-guide-for-homeowners-with-repair-tools-on-wood-floor,Flooring,Hardwood repair guide for homeowners with repair tools on wood floor,images/flooring/hardwood-repair-guide-for-homeowners-with-repair-tools-on-wood-floor.webp,thumbs/flooring/hardwood-repair-guide-for-homeowners-with-repair-tools-on-wood-floor.webp,1536,1024,177118,hardwood_repair_guide_for_homeowners_with_repair_tools_on_wood_floor.png
flooring/homeowner-reviewing-an-lvp-installation-estimate-in-plano,Flooring,Homeowner reviewing an lvp installation estimate in plano,images/flooring/homeowner-reviewing-an-lvp-installation-estimate-in-plano.webp,thumbs/flooring/homeowner-reviewing-an-lvp-installation-estimate-in-plano.webp,1536,1024,167632,homeowner_reviewing_an_lvp_installation_estimate_in_plano.png
flooring/licensed-and-insured-flooring-contractor-preparing-a-dallas-home-for-installation,Flooring,Licensed and insured flooring contractor preparing a dallas home for installation,images/flooring/licensed-and-insured-flooring-contractor-preparing-a-dallas-home-for-installation.webp,thumbs/flooring/licensed-and-insured-flooring-contractor-preparing-a-dallas-home-for-installation.webp,1536,1024,134258,licensed_and_insured_flooring_contractor_preparing_a_dallas_home_for_installation.png
flooring/light-oak-hardwood-floor-colors-for-small-rooms-with-bright-walls,Flooring,Light oak hardwood floor colors for small rooms with bright walls,images/flooring/light-oak-hardwood-floor-colors-for-small-rooms-with-bright-walls.webp,thumbs/flooring/light-oak-hardwood-floor-colors-for-small-rooms-with-bright-walls.webp,1536,1024,137304,light_oak_hardwood_floor_colors_for_small_rooms_with_bright_walls.png
flooring/lvp-flooring-installation-variant-1,Flooring,Lvp flooring installation variant 1,images/flooring/lvp-flooring-installation-variant-1.webp,thumbs/flooring/lvp-flooring-installation-variant-1.webp,1536,1024,167576,lvp-flooring-installation-variant-1.png
flooring/lvp-flooring-installation-variant-2,Flooring,Lvp flooring installation variant 2,images/flooring/lvp-flooring-installation-variant-2.webp,thumbs/flooring/lvp-flooring-installation-variant-2.webp,1254,1254,210904,lvp-flooring-installation-variant-2.png
flooring/lvp-flooring-installation-variant-3,Flooring,Lvp flooring installation variant 3,images/flooring/lvp-flooring-installation-variant-3.webp,thumbs/flooring/lvp-flooring-installation-variant-3.webp,1536,1024,151210,lvp-flooring-installation-variant-3.png
flooring/lvp-flooring-installation-variant-4,Flooring,Lvp flooring installation variant 4,images/flooring/lvp-flooring-installation-variant-4.webp,thumbs/flooring/lvp-flooring-installation-variant-4.webp,1122,1402,221188,lvp-flooring-installation-variant-4.png
flooring/safe-mop-method-to-prevent-hardwood-floor-cleaning-mistakes,Flooring,Safe mop method to prevent hardwood floor cleaning mistakes,images/flooring/safe-mop-method-to-prevent-hardwood-floor-cleaning-mistakes.webp,thumbs/flooring/safe-mop-method-to-prevent-hardwood-floor-cleaning-mistakes.webp,1536,1024,127992,safe_mop_method_to_prevent_hardwood_floor_cleaning_mistakes.png
flooring/summer-flooring-maintenance-checklist-in-dfw-for-a-clean-home,Flooring,Summer flooring maintenance checklist in dfw for a clean home,images/flooring/summer-flooring-maintenance-checklist-in-dfw-for-a-clean-home.webp,thumbs/flooring/summer-flooring-maintenance-checklist-in-dfw-for-a-clean-home.webp,1536,1024,165966,summer_flooring_maintenance_checklist_in_dfw_for_a_clean_home.png
flooring/warm-hardwood-floors-in-philadelphia-homes-with-classic-row-home-style,Flooring,Warm hardwood floors in philadelphia homes with classic row home style,images/flooring/warm-hardwood-floors-in-philadelphia-homes-with-classic-row-home-style.webp,thumbs/flooring/warm-hardwood-floors-in-philadelphia-homes-with-classic-row-home-style.webp,1536,1024,323966,warm_hardwood_floors_in_philadelphia_homes_with_classic_row_home_style.png
flooring/waterproof-flooring-for-laundry-rooms-with-a-clean-washer-and-dryer-setup,Flooring,Waterproof flooring for laundry rooms with a clean washer and dryer setup,images/flooring/waterproof-flooring-for-laundry-rooms-with-a-clean-washer-and-dryer-setup.webp,thumbs/flooring/waterproof-flooring-for-laundry-rooms-with-a-clean-washer-and-dryer-setup.webp,1536,1024,178846,waterproof_flooring_for_laundry_rooms_with_a_clean_washer_and_dryer_setup.png
general-contracting-and-remodeling/garage-addition-planning-for-homeowners-with-a-clear-layout-and-vehicle-space,General Contracting & Remodeling,Garage addition planning for homeowners with a clear layout and vehicle space,images/general-contracting-and-remodeling/garage-addition-planning-for-homeowners-with-a-clear-layout-and-vehicle-space.webp,thumbs/general-contracting-and-remodeling/garage-addition-planning-for-homeowners-with-a-clear-layout-and-vehicle-space.webp,1536,1024,441194,garage_addition_planning_for_homeowners_with_a_clear_layout_and_vehicle_space.png
general-contracting-and-remodeling/general-contractor-myths-explained-for-remodeling-homeowners,General Contracting & Remodeling,General contractor myths explained for remodeling homeowners,images/general-contracting-and-remodeling/general-contractor-myths-explained-for-remodeling-homeowners.webp,thumbs/general-contracting-and-remodeling/general-contractor-myths-explained-for-remodeling-homeowners.webp,1536,1024,133876,general_contractor_myths_explained_for_remodeling_homeowners.png
general-contracting-and-remodeling/home-addition-mistakes-to-avoid-during-early-planning,General Contracting & Remodeling,Home addition mistakes to avoid during early planning,images/general-contracting-and-remodeling/home-addition-mistakes-to-avoid-during-early-planning.webp,thumbs/general-contracting-and-remodeling/home-addition-mistakes-to-avoid-during-early-planning.webp,1536,1024,136314,home_addition_mistakes_to_avoid_during_early_planning.png
general-contracting-and-remodeling/home-renovation-myths-about-budget-planning-and-hidden-project-costs,General Contracting & Remodeling,Home renovation myths about budget planning and hidden project costs,images/general-contracting-and-remodeling/home-renovation-myths-about-budget-planning-and-hidden-project-costs.webp,thumbs/general-contracting-and-remodeling/home-renovation-myths-about-budget-planning-and-hidden-project-costs.webp,1536,1024,158572,home_renovation_myths_about_budget_planning_and_hidden_project_costs.png
general-contracting-and-remodeling/how-general-contractors-manage-construction-projects-with-clear-planning,General Contracting & Remodeling,How general contractors manage construction projects with clear planning,images/general-contracting-and-remodeling/how-general-contractors-manage-construction-projects-with-clear-planning.webp,thumbs/general-contracting-and-remodeling/how-general-contractors-manage-construction-projects-with-clear-planning.webp,1536,1024,150772,how_general_contractors_manage_construction_projects_with_clear_planning.png
hvac/ac-condensate-drain-clog-prevention-indoor-cooling-unit,HVAC,Ac condensate drain clog prevention indoor cooling unit,images/hvac/ac-condensate-drain-clog-prevention-indoor-cooling-unit.webp,thumbs/hvac/ac-condensate-drain-clog-prevention-indoor-cooling-unit.webp,1536,1024,166292,ac-condensate-drain-clog-prevention-indoor-cooling-unit.png
hvac/commercial-hvac-system-supporting-better-building-performance,HVAC,Commercial hvac system supporting better building performance,images/hvac/commercial-hvac-system-supporting-better-building-performance.webp,thumbs/hvac/commercial-hvac-system-supporting-better-building-performance.webp,1536,1024,228870,commercial_hvac_system_supporting_better_building_performance.png
hvac/home-ac-check-for-cooling-preparation-before-summer-heat,HVAC,Home ac check for cooling preparation before summer heat,images/hvac/home-ac-check-for-cooling-preparation-before-summer-heat.webp,thumbs/hvac/home-ac-check-for-cooling-preparation-before-summer-heat.webp,1536,1024,287700,home_ac_check_for_cooling_preparation_before_summer_heat.png
hvac/home-thermostat-showing-hvac-myths-that-affect-comfort-and-system-care,HVAC,Home thermostat showing hvac myths that affect comfort and system care,images/hvac/home-thermostat-showing-hvac-myths-that-affect-comfort-and-system-care.webp,thumbs/hvac/home-thermostat-showing-hvac-myths-that-affect-comfort-and-system-care.webp,1536,1024,117784,home_thermostat_showing_hvac_myths_that_affect_comfort_and_system_care.png
hvac/hvac-vent-supporting-better-indoor-air-quality,HVAC,Hvac vent supporting better indoor air quality,images/hvac/hvac-vent-supporting-better-indoor-air-quality.webp,thumbs/hvac/hvac-vent-supporting-better-indoor-air-quality.webp,1536,1024,184722,hvac_vent_supporting_better_indoor_air_quality.png
hvac/summer-home-maintenance-checklist-in-texas-with-hvac-care-before-peak-heat,HVAC,Summer home maintenance checklist in texas with hvac care before peak heat,images/hvac/summer-home-maintenance-checklist-in-texas-with-hvac-care-before-peak-heat.webp,thumbs/hvac/summer-home-maintenance-checklist-in-texas-with-hvac-care-before-peak-heat.webp,1536,1024,367286,summer_home_maintenance_checklist_in_texas_with_hvac_care_before_peak_heat.png
handyman-and-installations/leaky-faucet-repair-steps-for-a-dripping-sink-faucet,Handyman & Installations,Leaky faucet repair steps for a dripping sink faucet,images/handyman-and-installations/leaky-faucet-repair-steps-for-a-dripping-sink-faucet.webp,thumbs/handyman-and-installations/leaky-faucet-repair-steps-for-a-dripping-sink-faucet.webp,1536,1024,127232,leaky_faucet_repair_steps_for_a_dripping_sink_faucet.png
handyman-and-installations/secure-tv-mounting-in-porter,Handyman & Installations,Secure tv mounting in porter,images/handyman-and-installations/secure-tv-mounting-in-porter.webp,thumbs/handyman-and-installations/secure-tv-mounting-in-porter.webp,1536,1024,135644,secure_tv_mounting_in_porter.png
handyman-and-installations/small-home-installations-near-me-for-secure-tv-mounting-in-porter,Handyman & Installations,Small home installations near me for secure tv mounting in porter,images/handyman-and-installations/small-home-installations-near-me-for-secure-tv-mounting-in-porter.webp,thumbs/handyman-and-installations/small-home-installations-near-me-for-secure-tv-mounting-in-porter.webp,1536,1024,142168,small_home_installations_near_me_for_secure_tv_mounting_in_porter.png
junk-removal/appliance-removal-cleanout-services-variant-1,Junk Removal,Appliance removal cleanout services variant 1,images/junk-removal/appliance-removal-cleanout-services-variant-1.webp,thumbs/junk-removal/appliance-removal-cleanout-services-variant-1.webp,1536,1024,133512,appliance-removal-cleanout-services-variant-1.png
junk-removal/appliance-removal-cleanout-services-variant-2,Junk Removal,Appliance removal cleanout services variant 2,images/junk-removal/appliance-removal-cleanout-services-variant-2.webp,thumbs/junk-removal/appliance-removal-cleanout-services-variant-2.webp,1254,1254,185514,appliance-removal-cleanout-services-variant-2.png
junk-removal/appliance-removal-cleanout-services-variant-3,Junk Removal,Appliance removal cleanout services variant 3,images/junk-removal/appliance-removal-cleanout-services-variant-3.webp,thumbs/junk-removal/appliance-removal-cleanout-services-variant-3.webp,1254,1254,115180,appliance-removal-cleanout-services-variant-3.png
junk-removal/appliance-removal-cleanout-services-variant-4,Junk Removal,Appliance removal cleanout services variant 4,images/junk-removal/appliance-removal-cleanout-services-variant-4.webp,thumbs/junk-removal/appliance-removal-cleanout-services-variant-4.webp,1536,1024,197188,appliance-removal-cleanout-services-variant-4.png
junk-removal/junk-removal-furniture-removal-variant-1,Junk Removal,Junk removal furniture removal variant 1,images/junk-removal/junk-removal-furniture-removal-variant-1.webp,thumbs/junk-removal/junk-removal-furniture-removal-variant-1.webp,1513,1040,187606,junk-removal-furniture-removal-variant-1.png
junk-removal/junk-removal-furniture-removal-variant-2,Junk Removal,Junk removal furniture removal variant 2,images/junk-removal/junk-removal-furniture-removal-variant-2.webp,thumbs/junk-removal/junk-removal-furniture-removal-variant-2.webp,1254,1254,149932,junk-removal-furniture-removal-variant-2.png
junk-removal/junk-removal-furniture-removal-variant-3,Junk Removal,Junk removal furniture removal variant 3,images/junk-removal/junk-removal-furniture-removal-variant-3.webp,thumbs/junk-removal/junk-removal-furniture-removal-variant-3.webp,1254,1254,257594,junk-removal-furniture-removal-variant-3.png
junk-removal/junk-removal-furniture-removal-variant-4,Junk Removal,Junk removal furniture removal variant 4,images/junk-removal/junk-removal-furniture-removal-variant-4.webp,thumbs/junk-removal/junk-removal-furniture-removal-variant-4.webp,1536,1024,373356,junk-removal-furniture-removal-variant-4.png
kitchen-and-bath-remodeling/bathroom-finish-ideas-with-soft-vanity-colors-for-a-calm-space,Kitchen & Bath Remodeling,Bathroom finish ideas with soft vanity colors for a calm space,images/kitchen-and-bath-remodeling/bathroom-finish-ideas-with-soft-vanity-colors-for-a-calm-space.webp,thumbs/kitchen-and-bath-remodeling/bathroom-finish-ideas-with-soft-vanity-colors-for-a-calm-space.webp,1536,1024,109808,bathroom_finish_ideas_with_soft_vanity_colors_for_a_calm_space.png
kitchen-and-bath-remodeling/bathroom-layout-ideas-for-a-small-bathroom-with-better-flow,Kitchen & Bath Remodeling,Bathroom layout ideas for a small bathroom with better flow,images/kitchen-and-bath-remodeling/bathroom-layout-ideas-for-a-small-bathroom-with-better-flow.webp,thumbs/kitchen-and-bath-remodeling/bathroom-layout-ideas-for-a-small-bathroom-with-better-flow.webp,1536,1024,123050,bathroom_layout_ideas_for_a_small_bathroom_with_better_flow.png
kitchen-and-bath-remodeling/bathroom-storage-ideas-with-floating-vanity-storage,Kitchen & Bath Remodeling,Bathroom storage ideas with floating vanity storage,images/kitchen-and-bath-remodeling/bathroom-storage-ideas-with-floating-vanity-storage.webp,thumbs/kitchen-and-bath-remodeling/bathroom-storage-ideas-with-floating-vanity-storage.webp,1536,1024,194724,bathroom_storage_ideas_with_floating_vanity_storage.png
kitchen-and-bath-remodeling/kitchen-countertop-materials-in-a-modern-home-kitchen,Kitchen & Bath Remodeling,Kitchen countertop materials in a modern home kitchen,images/kitchen-and-bath-remodeling/kitchen-countertop-materials-in-a-modern-home-kitchen.webp,thumbs/kitchen-and-bath-remodeling/kitchen-countertop-materials-in-a-modern-home-kitchen.webp,1536,1024,155144,kitchen_countertop_materials_in_a_modern_home_kitchen.png
kitchen-and-bath-remodeling/kitchen-storage-ideas-for-a-clean-pantry-with-clear-containers,Kitchen & Bath Remodeling,Kitchen storage ideas for a clean pantry with clear containers,images/kitchen-and-bath-remodeling/kitchen-storage-ideas-for-a-clean-pantry-with-clear-containers.webp,thumbs/kitchen-and-bath-remodeling/kitchen-storage-ideas-for-a-clean-pantry-with-clear-containers.webp,1536,1024,239368,kitchen_storage_ideas_for_a_clean_pantry_with_clear_containers.png
kitchen-and-bath-remodeling/kitchen-storage-ideas-for-organized-cabinets,Kitchen & Bath Remodeling,Kitchen storage ideas for organized cabinets,images/kitchen-and-bath-remodeling/kitchen-storage-ideas-for-organized-cabinets.webp,thumbs/kitchen-and-bath-remodeling/kitchen-storage-ideas-for-organized-cabinets.webp,1536,1024,184884,kitchen_storage_ideas_for_organized_cabinets.png
kitchen-and-bath-remodeling/kitchen-storage-ideas-for-organized-cabinets-2,Kitchen & Bath Remodeling,Kitchen storage ideas for organized cabinets 2,images/kitchen-and-bath-remodeling/kitchen-storage-ideas-for-organized-cabinets-2.webp,thumbs/kitchen-and-bath-remodeling/kitchen-storage-ideas-for-organized-cabinets-2.webp,1536,1024,209080,kitchen_storage_ideas_for_organized_cabinets_2.png
kitchen-and-bath-remodeling/modern-kitchen-cabinet-finishes-for-a-fresh-home-design,Kitchen & Bath Remodeling,Modern kitchen cabinet finishes for a fresh home design,images/kitchen-and-bath-remodeling/modern-kitchen-cabinet-finishes-for-a-fresh-home-design.webp,thumbs/kitchen-and-bath-remodeling/modern-kitchen-cabinet-finishes-for-a-fresh-home-design.webp,1536,1024,121196,modern_kitchen_cabinet_finishes_for_a_fresh_home_design.png
kitchen-and-bath-remodeling/moisture-smart-surfaces-in-a-clean-florida-kitchen,Kitchen & Bath Remodeling,Moisture smart surfaces in a clean florida kitchen,images/kitchen-and-bath-remodeling/moisture-smart-surfaces-in-a-clean-florida-kitchen.webp,thumbs/kitchen-and-bath-remodeling/moisture-smart-surfaces-in-a-clean-florida-kitchen.webp,1536,1024,152844,moisture_smart_surfaces_in_a_clean_florida_kitchen.png
kitchen-and-bath-remodeling/moisture-smart-surfaces-in-a-clean-florida-kitchen-2,Kitchen & Bath Remodeling,Moisture smart surfaces in a clean florida kitchen 2,images/kitchen-and-bath-remodeling/moisture-smart-surfaces-in-a-clean-florida-kitchen-2.webp,thumbs/kitchen-and-bath-remodeling/moisture-smart-surfaces-in-a-clean-florida-kitchen-2.webp,1536,1024,213466,moisture_smart_surfaces_in_a_clean_florida_kitchen_2.png
landscaping-and-hardscaping/artificial-turf-installation-variant-1,Landscaping & Hardscaping,Artificial turf installation variant 1,images/landscaping-and-hardscaping/artificial-turf-installation-variant-1.webp,thumbs/landscaping-and-hardscaping/artificial-turf-installation-variant-1.webp,1536,1024,447908,artificial-turf-installation-variant-1.png
landscaping-and-hardscaping/artificial-turf-installation-variant-2,Landscaping & Hardscaping,Artificial turf installation variant 2,images/landscaping-and-hardscaping/artificial-turf-installation-variant-2.webp,thumbs/landscaping-and-hardscaping/artificial-turf-installation-variant-2.webp,1254,1254,533834,artificial-turf-installation-variant-2.png
landscaping-and-hardscaping/artificial-turf-installation-variant-3,Landscaping & Hardscaping,Artificial turf installation variant 3,images/landscaping-and-hardscaping/artificial-turf-installation-variant-3.webp,thumbs/landscaping-and-hardscaping/artificial-turf-installation-variant-3.webp,1536,1024,200286,artificial-turf-installation-variant-3.png
landscaping-and-hardscaping/artificial-turf-installation-variant-4,Landscaping & Hardscaping,Artificial turf installation variant 4,images/landscaping-and-hardscaping/artificial-turf-installation-variant-4.webp,thumbs/landscaping-and-hardscaping/artificial-turf-installation-variant-4.webp,1086,1448,358026,artificial-turf-installation-variant-4.png
landscaping-and-hardscaping/irrigation-outdoor-lighting-variant-1,Landscaping & Hardscaping,Irrigation outdoor lighting variant 1,images/landscaping-and-hardscaping/irrigation-outdoor-lighting-variant-1.webp,thumbs/landscaping-and-hardscaping/irrigation-outdoor-lighting-variant-1.webp,1254,1254,476796,irrigation-outdoor-lighting-variant-1.png
landscaping-and-hardscaping/irrigation-outdoor-lighting-variant-2,Landscaping & Hardscaping,Irrigation outdoor lighting variant 2,images/landscaping-and-hardscaping/irrigation-outdoor-lighting-variant-2.webp,thumbs/landscaping-and-hardscaping/irrigation-outdoor-lighting-variant-2.webp,1536,1024,326998,irrigation-outdoor-lighting-variant-2.png
landscaping-and-hardscaping/irrigation-outdoor-lighting-variant-3,Landscaping & Hardscaping,Irrigation outdoor lighting variant 3,images/landscaping-and-hardscaping/irrigation-outdoor-lighting-variant-3.webp,thumbs/landscaping-and-hardscaping/irrigation-outdoor-lighting-variant-3.webp,1536,1024,307730,irrigation-outdoor-lighting-variant-3.png
landscaping-and-hardscaping/irrigation-outdoor-lighting-variant-4,Landscaping & Hardscaping,Irrigation outdoor lighting variant 4,images/landscaping-and-hardscaping/irrigation-outdoor-lighting-variant-4.webp,thumbs/landscaping-and-hardscaping/irrigation-outdoor-lighting-variant-4.webp,1122,1402,460344,irrigation-outdoor-lighting-variant-4.png
landscaping-and-hardscaping/landscaping-hardscaping-variant-1,Landscaping & Hardscaping,Landscaping hardscaping variant 1,images/landscaping-and-hardscaping/landscaping-hardscaping-variant-1.webp,thumbs/landscaping-and-hardscaping/landscaping-hardscaping-variant-1.webp,1254,1254,598336,landscaping-hardscaping-variant-1.png
landscaping-and-hardscaping/landscaping-hardscaping-variant-2,Landscaping & Hardscaping,Landscaping hardscaping variant 2,images/landscaping-and-hardscaping/landscaping-hardscaping-variant-2.webp,thumbs/landscaping-and-hardscaping/landscaping-hardscaping-variant-2.webp,1536,1024,509262,landscaping-hardscaping-variant-2.png
landscaping-and-hardscaping/landscaping-hardscaping-variant-3,Landscaping & Hardscaping,Landscaping hardscaping variant 3,images/landscaping-and-hardscaping/landscaping-hardscaping-variant-3.webp,thumbs/landscaping-and-hardscaping/landscaping-hardscaping-variant-3.webp,1254,1254,279856,landscaping-hardscaping-variant-3.png
landscaping-and-hardscaping/landscaping-hardscaping-variant-4,Landscaping & Hardscaping,Landscaping hardscaping variant 4,images/landscaping-and-hardscaping/landscaping-hardscaping-variant-4.webp,thumbs/landscaping-and-hardscaping/landscaping-hardscaping-variant-4.webp,1537,1023,459586,landscaping-hardscaping-variant-4.png
landscaping-and-hardscaping/landscaping-services-olathe-ks-summer-flower-beds-with-colorful-plants-and-clean-edging,Landscaping & Hardscaping,Landscaping services olathe ks summer flower beds with colorful plants and clean edging,images/landscaping-and-hardscaping/landscaping-services-olathe-ks-summer-flower-beds-with-colorful-plants-and-clean-edging.webp,thumbs/landscaping-and-hardscaping/landscaping-services-olathe-ks-summer-flower-beds-with-colorful-plants-and-clean-edging.webp,1536,1024,602616,landscaping_services_olathe_ks_summer_flower_beds_with_colorful_plants_and_clean_edging.png
landscaping-and-hardscaping/landscaping-services-olathe-ks-summer-yard-refresh-with-mulch-lawn-care-and-flower-beds,Landscaping & Hardscaping,Landscaping services olathe ks summer yard refresh with mulch lawn care and flower beds,images/landscaping-and-hardscaping/landscaping-services-olathe-ks-summer-yard-refresh-with-mulch-lawn-care-and-flower-beds.webp,thumbs/landscaping-and-hardscaping/landscaping-services-olathe-ks-summer-yard-refresh-with-mulch-lawn-care-and-flower-beds.webp,1536,1024,607884,landscaping_services_olathe_ks_summer_yard_refresh_with_mulch_lawn_care_and_flower_beds.png
landscaping-and-hardscaping/landscaping-variant-1,Landscaping & Hardscaping,Landscaping variant 1,images/landscaping-and-hardscaping/landscaping-variant-1.webp,thumbs/landscaping-and-hardscaping/landscaping-variant-1.webp,1254,1254,539130,landscaping-variant-1.png
landscaping-and-hardscaping/landscaping-variant-2,Landscaping & Hardscaping,Landscaping variant 2,images/landscaping-and-hardscaping/landscaping-variant-2.webp,thumbs/landscaping-and-hardscaping/landscaping-variant-2.webp,1536,1024,317396,landscaping-variant-2.png
landscaping-and-hardscaping/landscaping-variant-3,Landscaping & Hardscaping,Landscaping variant 3,images/landscaping-and-hardscaping/landscaping-variant-3.webp,thumbs/landscaping-and-hardscaping/landscaping-variant-3.webp,1536,1024,277344,landscaping-variant-3.png
landscaping-and-hardscaping/landscaping-variant-4,Landscaping & Hardscaping,Landscaping variant 4,images/landscaping-and-hardscaping/landscaping-variant-4.webp,thumbs/landscaping-and-hardscaping/landscaping-variant-4.webp,1536,1024,401676,landscaping-variant-4.png
landscaping-and-hardscaping/lawn-mowing-cut-grass-services-variant-1,Landscaping & Hardscaping,Lawn mowing cut grass services variant 1,images/landscaping-and-hardscaping/lawn-mowing-cut-grass-services-variant-1.webp,thumbs/landscaping-and-hardscaping/lawn-mowing-cut-grass-services-variant-1.webp,1254,1254,587544,lawn-mowing-cut-grass-services-variant-1.png
landscaping-and-hardscaping/lawn-mowing-cut-grass-services-variant-2,Landscaping & Hardscaping,Lawn mowing cut grass services variant 2,images/landscaping-and-hardscaping/lawn-mowing-cut-grass-services-variant-2.webp,thumbs/landscaping-and-hardscaping/lawn-mowing-cut-grass-services-variant-2.webp,1536,1024,449048,lawn-mowing-cut-grass-services-variant-2.png
landscaping-and-hardscaping/lawn-mowing-cut-grass-services-variant-3,Landscaping & Hardscaping,Lawn mowing cut grass services variant 3,images/landscaping-and-hardscaping/lawn-mowing-cut-grass-services-variant-3.webp,thumbs/landscaping-and-hardscaping/lawn-mowing-cut-grass-services-variant-3.webp,1536,1024,483252,lawn-mowing-cut-grass-services-variant-3.png
landscaping-and-hardscaping/lawn-mowing-cut-grass-services-variant-4,Landscaping & Hardscaping,Lawn mowing cut grass services variant 4,images/landscaping-and-hardscaping/lawn-mowing-cut-grass-services-variant-4.webp,thumbs/landscaping-and-hardscaping/lawn-mowing-cut-grass-services-variant-4.webp,1536,1024,508566,lawn-mowing-cut-grass-services-variant-4.png
landscaping-and-hardscaping/lawn-mowing-service-coatesville-pa-variant-1,Landscaping & Hardscaping,Lawn mowing service coatesville pa variant 1,images/landscaping-and-hardscaping/lawn-mowing-service-coatesville-pa-variant-1.webp,thumbs/landscaping-and-hardscaping/lawn-mowing-service-coatesville-pa-variant-1.webp,1254,1254,594312,lawn-mowing-service-coatesville-pa-variant-1.png
landscaping-and-hardscaping/lawn-mowing-service-coatesville-pa-variant-2,Landscaping & Hardscaping,Lawn mowing service coatesville pa variant 2,images/landscaping-and-hardscaping/lawn-mowing-service-coatesville-pa-variant-2.webp,thumbs/landscaping-and-hardscaping/lawn-mowing-service-coatesville-pa-variant-2.webp,1536,1024,399074,lawn-mowing-service-coatesville-pa-variant-2.png
landscaping-and-hardscaping/lawn-mowing-service-coatesville-pa-variant-3,Landscaping & Hardscaping,Lawn mowing service coatesville pa variant 3,images/landscaping-and-hardscaping/lawn-mowing-service-coatesville-pa-variant-3.webp,thumbs/landscaping-and-hardscaping/lawn-mowing-service-coatesville-pa-variant-3.webp,1536,1024,364834,lawn-mowing-service-coatesville-pa-variant-3.png
landscaping-and-hardscaping/lawn-mowing-service-coatesville-pa-variant-4,Landscaping & Hardscaping,Lawn mowing service coatesville pa variant 4,images/landscaping-and-hardscaping/lawn-mowing-service-coatesville-pa-variant-4.webp,thumbs/landscaping-and-hardscaping/lawn-mowing-service-coatesville-pa-variant-4.webp,1536,1024,468916,lawn-mowing-service-coatesville-pa-variant-4.png
landscaping-and-hardscaping/masonry-patio-installation-variant-1,Landscaping & Hardscaping,Masonry patio installation variant 1,images/landscaping-and-hardscaping/masonry-patio-installation-variant-1.webp,thumbs/landscaping-and-hardscaping/masonry-patio-installation-variant-1.webp,1254,1254,537956,masonry-patio-installation-variant-1.png
landscaping-and-hardscaping/masonry-patio-installation-variant-2,Landscaping & Hardscaping,Masonry patio installation variant 2,images/landscaping-and-hardscaping/masonry-patio-installation-variant-2.webp,thumbs/landscaping-and-hardscaping/masonry-patio-installation-variant-2.webp,1536,1024,341220,masonry-patio-installation-variant-2.png
landscaping-and-hardscaping/masonry-patio-installation-variant-3,Landscaping & Hardscaping,Masonry patio installation variant 3,images/landscaping-and-hardscaping/masonry-patio-installation-variant-3.webp,thumbs/landscaping-and-hardscaping/masonry-patio-installation-variant-3.webp,1536,1024,329058,masonry-patio-installation-variant-3.png
landscaping-and-hardscaping/masonry-patio-installation-variant-4,Landscaping & Hardscaping,Masonry patio installation variant 4,images/landscaping-and-hardscaping/masonry-patio-installation-variant-4.webp,thumbs/landscaping-and-hardscaping/masonry-patio-installation-variant-4.webp,1536,1024,416140,masonry-patio-installation-variant-4.png
landscaping-and-hardscaping/patio-walkway-installation-hardscape-variant-1,Landscaping & Hardscaping,Patio walkway installation hardscape variant 1,images/landscaping-and-hardscaping/patio-walkway-installation-hardscape-variant-1.webp,thumbs/landscaping-and-hardscaping/patio-walkway-installation-hardscape-variant-1.webp,1254,1254,491544,patio-walkway-installation-hardscape-variant-1.png
landscaping-and-hardscaping/patio-walkway-installation-hardscape-variant-2,Landscaping & Hardscaping,Patio walkway installation hardscape variant 2,images/landscaping-and-hardscaping/patio-walkway-installation-hardscape-variant-2.webp,thumbs/landscaping-and-hardscaping/patio-walkway-installation-hardscape-variant-2.webp,1402,1122,419236,patio-walkway-installation-hardscape-variant-2.png
landscaping-and-hardscaping/patio-walkway-installation-hardscape-variant-3,Landscaping & Hardscaping,Patio walkway installation hardscape variant 3,images/landscaping-and-hardscaping/patio-walkway-installation-hardscape-variant-3.webp,thumbs/landscaping-and-hardscaping/patio-walkway-installation-hardscape-variant-3.webp,1254,1254,419058,patio-walkway-installation-hardscape-variant-3.png
landscaping-and-hardscaping/patio-walkway-installation-hardscape-variant-4,Landscaping & Hardscaping,Patio walkway installation hardscape variant 4,images/landscaping-and-hardscaping/patio-walkway-installation-hardscape-variant-4.webp,thumbs/landscaping-and-hardscaping/patio-walkway-installation-hardscape-variant-4.webp,1536,1024,340822,patio-walkway-installation-hardscape-variant-4.png
landscaping-and-hardscaping/paver-walkway-ideas-for-a-clean-houston-front-yard,Landscaping & Hardscaping,Paver walkway ideas for a clean houston front yard,images/landscaping-and-hardscaping/paver-walkway-ideas-for-a-clean-houston-front-yard.webp,thumbs/landscaping-and-hardscaping/paver-walkway-ideas-for-a-clean-houston-front-yard.webp,1536,1024,575502,paver_walkway_ideas_for_a_clean_houston_front_yard.png
landscaping-and-hardscaping/sprinkler-repair-irrigation-variant-1,Landscaping & Hardscaping,Sprinkler repair irrigation variant 1,images/landscaping-and-hardscaping/sprinkler-repair-irrigation-variant-1.webp,thumbs/landscaping-and-hardscaping/sprinkler-repair-irrigation-variant-1.webp,1536,1024,432552,sprinkler-repair-irrigation-variant-1.png
landscaping-and-hardscaping/sprinkler-repair-irrigation-variant-2,Landscaping & Hardscaping,Sprinkler repair irrigation variant 2,images/landscaping-and-hardscaping/sprinkler-repair-irrigation-variant-2.webp,thumbs/landscaping-and-hardscaping/sprinkler-repair-irrigation-variant-2.webp,1254,1254,425092,sprinkler-repair-irrigation-variant-2.png
landscaping-and-hardscaping/sprinkler-repair-irrigation-variant-3,Landscaping & Hardscaping,Sprinkler repair irrigation variant 3,images/landscaping-and-hardscaping/sprinkler-repair-irrigation-variant-3.webp,thumbs/landscaping-and-hardscaping/sprinkler-repair-irrigation-variant-3.webp,1536,1024,295830,sprinkler-repair-irrigation-variant-3.png
landscaping-and-hardscaping/sprinkler-repair-irrigation-variant-4,Landscaping & Hardscaping,Sprinkler repair irrigation variant 4,images/landscaping-and-hardscaping/sprinkler-repair-irrigation-variant-4.webp,thumbs/landscaping-and-hardscaping/sprinkler-repair-irrigation-variant-4.webp,1536,1024,466884,sprinkler-repair-irrigation-variant-4.png
landscaping-and-hardscaping/summer-lawn-care-tips-in-kansas-city-for-brown-spot-prevention,Landscaping & Hardscaping,Summer lawn care tips in kansas city for brown spot prevention,images/landscaping-and-hardscaping/summer-lawn-care-tips-in-kansas-city-for-brown-spot-prevention.webp,thumbs/landscaping-and-hardscaping/summer-lawn-care-tips-in-kansas-city-for-brown-spot-prevention.webp,1536,1024,481828,summer_lawn_care_tips_in_kansas_city_for_brown_spot_prevention.png
landscaping-and-hardscaping/summer-lawn-care-tips-in-kansas-city-for-morning-watering,Landscaping & Hardscaping,Summer lawn care tips in kansas city for morning watering,images/landscaping-and-hardscaping/summer-lawn-care-tips-in-kansas-city-for-morning-watering.webp,thumbs/landscaping-and-hardscaping/summer-lawn-care-tips-in-kansas-city-for-morning-watering.webp,1536,1024,417954,summer_lawn_care_tips_in_kansas_city_for_morning_watering.png
landscaping-and-hardscaping/walkway-pavers-cost-planning-for-a-front-yard-path,Landscaping & Hardscaping,Walkway pavers cost planning for a front yard path,images/landscaping-and-hardscaping/walkway-pavers-cost-planning-for-a-front-yard-path.webp,thumbs/landscaping-and-hardscaping/walkway-pavers-cost-planning-for-a-front-yard-path.webp,1536,1024,235996,walkway_pavers_cost_planning_for_a_front_yard_path.png
masonry-and-exterior/brick-porch-repair-signs-on-a-damaged-home-entryway,Masonry & Exterior,Brick porch repair signs on a damaged home entryway,images/masonry-and-exterior/brick-porch-repair-signs-on-a-damaged-home-entryway.webp,thumbs/masonry-and-exterior/brick-porch-repair-signs-on-a-damaged-home-entryway.webp,1536,1024,333528,brick_porch_repair_signs_on_a_damaged_home_entryway.png
masonry-and-exterior/brick-wall-repair-signs-showing-cracked-brick-near-mortar-joints,Masonry & Exterior,Brick wall repair signs showing cracked brick near mortar joints,images/masonry-and-exterior/brick-wall-repair-signs-showing-cracked-brick-near-mortar-joints.webp,thumbs/masonry-and-exterior/brick-wall-repair-signs-showing-cracked-brick-near-mortar-joints.webp,1536,1024,413120,brick_wall_repair_signs_showing_cracked_brick_near_mortar_joints.png
masonry-and-exterior/bulging-brick-wall-warning-signs-on-an-exterior-masonry-wall,Masonry & Exterior,Bulging brick wall warning signs on an exterior masonry wall,images/masonry-and-exterior/bulging-brick-wall-warning-signs-on-an-exterior-masonry-wall.webp,thumbs/masonry-and-exterior/bulging-brick-wall-warning-signs-on-an-exterior-masonry-wall.webp,1536,1024,353182,bulging_brick_wall_warning_signs_on_an_exterior_masonry_wall.png
masonry-and-exterior/masonry-restoration-repair-repointing-variant-1,Masonry & Exterior,Masonry restoration repair repointing variant 1,images/masonry-and-exterior/masonry-restoration-repair-repointing-variant-1.webp,thumbs/masonry-and-exterior/masonry-restoration-repair-repointing-variant-1.webp,1536,1024,389912,masonry-restoration-repair-repointing-variant-1.png
masonry-and-exterior/masonry-restoration-repair-repointing-variant-2,Masonry & Exterior,Masonry restoration repair repointing variant 2,images/masonry-and-exterior/masonry-restoration-repair-repointing-variant-2.webp,thumbs/masonry-and-exterior/masonry-restoration-repair-repointing-variant-2.webp,1254,1254,483414,masonry-restoration-repair-repointing-variant-2.png
masonry-and-exterior/masonry-restoration-repair-repointing-variant-3,Masonry & Exterior,Masonry restoration repair repointing variant 3,images/masonry-and-exterior/masonry-restoration-repair-repointing-variant-3.webp,thumbs/masonry-and-exterior/masonry-restoration-repair-repointing-variant-3.webp,1254,1254,259930,masonry-restoration-repair-repointing-variant-3.png
masonry-and-exterior/masonry-restoration-repair-repointing-variant-4,Masonry & Exterior,Masonry restoration repair repointing variant 4,images/masonry-and-exterior/masonry-restoration-repair-repointing-variant-4.webp,thumbs/masonry-and-exterior/masonry-restoration-repair-repointing-variant-4.webp,1086,1448,444440,masonry-restoration-repair-repointing-variant-4.png
masonry-and-exterior/stone-veneer-vs-natural-stone-exterior-wall-comparison,Masonry & Exterior,Stone veneer vs natural stone exterior wall comparison,images/masonry-and-exterior/stone-veneer-vs-natural-stone-exterior-wall-comparison.webp,thumbs/masonry-and-exterior/stone-veneer-vs-natural-stone-exterior-wall-comparison.webp,1536,1024,445964,stone_veneer_vs_natural_stone_exterior_wall_comparison.png
masonry-and-exterior/stucco-bubbling-and-blistering-causes-visible-on-an-exterior-wall,Masonry & Exterior,Stucco bubbling and blistering causes visible on an exterior wall,images/masonry-and-exterior/stucco-bubbling-and-blistering-causes-visible-on-an-exterior-wall.webp,thumbs/masonry-and-exterior/stucco-bubbling-and-blistering-causes-visible-on-an-exterior-wall.webp,1536,1024,501576,stucco_bubbling_and_blistering_causes_visible_on_an_exterior_wall.png
moving/apartment-movers-in-san-jose-ca-summer-carrying-boxes-from-an-apartment-building,Moving,Apartment movers in san jose ca summer carrying boxes from an apartment building,images/moving/apartment-movers-in-san-jose-ca-summer-carrying-boxes-from-an-apartment-building.webp,thumbs/moving/apartment-movers-in-san-jose-ca-summer-carrying-boxes-from-an-apartment-building.webp,1536,1024,246242,apartment_movers_in_san_jose_ca_summer_carrying_boxes_from_an_apartment_building.png
moving/boxes-and-sorted-home-items-for-decluttering-before-moving-in-san-francisco,Moving,Boxes and sorted home items for decluttering before moving in san francisco,images/moving/boxes-and-sorted-home-items-for-decluttering-before-moving-in-san-francisco.webp,thumbs/moving/boxes-and-sorted-home-items-for-decluttering-before-moving-in-san-francisco.webp,1536,1024,193820,boxes_and_sorted_home_items_for_decluttering_before_moving_in_san_francisco.png
moving/movers-preparing-boxes-with-summer-moving-tips-in-bay-area-california,Moving,Movers preparing boxes with summer moving tips in bay area california,images/moving/movers-preparing-boxes-with-summer-moving-tips-in-bay-area-california.webp,thumbs/moving/movers-preparing-boxes-with-summer-moving-tips-in-bay-area-california.webp,1536,1024,175762,movers_preparing_boxes_with_summer_moving_tips_in_bay_area_california.png
moving/moving-checklist-in-san-francisco-for-a-smooth-summer-move,Moving,Moving checklist in san francisco for a smooth summer move,images/moving/moving-checklist-in-san-francisco-for-a-smooth-summer-move.webp,thumbs/moving/moving-checklist-in-san-francisco-for-a-smooth-summer-move.webp,1536,1024,117146,moving_checklist_in_san_francisco_for_a_smooth_summer_move.png
painting-and-exterior/commercial-drywall-repair-signs-in-long-island-office-wall-with-cracks,Painting & Exterior,Commercial drywall repair signs in long island office wall with cracks,images/painting-and-exterior/commercial-drywall-repair-signs-in-long-island-office-wall-with-cracks.webp,thumbs/painting-and-exterior/commercial-drywall-repair-signs-in-long-island-office-wall-with-cracks.webp,1536,1024,137146,commercial_drywall_repair_signs_in_long_island_office_wall_with_cracks.png
painting-and-exterior/commercial-exterior-painters-in-long-island-ny-refreshing-a-business-storefront,Painting & Exterior,Commercial exterior painters in long island ny refreshing a business storefront,images/painting-and-exterior/commercial-exterior-painters-in-long-island-ny-refreshing-a-business-storefront.webp,thumbs/painting-and-exterior/commercial-exterior-painters-in-long-island-ny-refreshing-a-business-storefront.webp,1536,1024,265188,commercial_exterior_painters_in_long_island_ny_refreshing_a_business_storefront.png
painting-and-exterior/commercial-painting-services-in-long-island-ny-for-a-clean-office-interior,Painting & Exterior,Commercial painting services in long island ny for a clean office interior,images/painting-and-exterior/commercial-painting-services-in-long-island-ny-for-a-clean-office-interior.webp,thumbs/painting-and-exterior/commercial-painting-services-in-long-island-ny-for-a-clean-office-interior.webp,1536,1024,146838,commercial_painting_services_in_long_island_ny_for_a_clean_office_interior.png
painting-and-exterior/drywall-repair-variant-1,Painting & Exterior,Drywall repair variant 1,images/painting-and-exterior/drywall-repair-variant-1.webp,thumbs/painting-and-exterior/drywall-repair-variant-1.webp,1536,1024,81470,drywall-repair-variant-1.png
painting-and-exterior/drywall-repair-variant-2,Painting & Exterior,Drywall repair variant 2,images/painting-and-exterior/drywall-repair-variant-2.webp,thumbs/painting-and-exterior/drywall-repair-variant-2.webp,1254,1254,128754,drywall-repair-variant-2.png
painting-and-exterior/drywall-repair-variant-3,Painting & Exterior,Drywall repair variant 3,images/painting-and-exterior/drywall-repair-variant-3.webp,thumbs/painting-and-exterior/drywall-repair-variant-3.webp,1536,1024,128602,drywall-repair-variant-3.png
painting-and-exterior/drywall-repair-variant-4,Painting & Exterior,Drywall repair variant 4,images/painting-and-exterior/drywall-repair-variant-4.webp,thumbs/painting-and-exterior/drywall-repair-variant-4.webp,1536,1024,73334,drywall-repair-variant-4.png
painting-and-exterior/exterior-paint-innovations-on-a-bright-florida-home-exterior,Painting & Exterior,Exterior paint innovations on a bright florida home exterior,images/painting-and-exterior/exterior-paint-innovations-on-a-bright-florida-home-exterior.webp,thumbs/painting-and-exterior/exterior-paint-innovations-on-a-bright-florida-home-exterior.webp,1536,1024,459108,exterior_paint_innovations_on_a_bright_florida_home_exterior.png
painting-and-exterior/exterior-paint-innovations-on-a-bright-florida-home-exterior-2,Painting & Exterior,Exterior paint innovations on a bright florida home exterior 2,images/painting-and-exterior/exterior-paint-innovations-on-a-bright-florida-home-exterior-2.webp,thumbs/painting-and-exterior/exterior-paint-innovations-on-a-bright-florida-home-exterior-2.webp,1536,1024,336866,exterior_paint_innovations_on_a_bright_florida_home_exterior_2.png
painting-and-exterior/exterior-paint-prep-for-humid-weather-on-a-home-exterior,Painting & Exterior,Exterior paint prep for humid weather on a home exterior,images/painting-and-exterior/exterior-paint-prep-for-humid-weather-on-a-home-exterior.webp,thumbs/painting-and-exterior/exterior-paint-prep-for-humid-weather-on-a-home-exterior.webp,1536,1024,192294,exterior_paint_prep_for_humid_weather_on_a_home_exterior.png
painting-and-exterior/exterior-painting-variant-1,Painting & Exterior,Exterior painting variant 1,images/painting-and-exterior/exterior-painting-variant-1.webp,thumbs/painting-and-exterior/exterior-painting-variant-1.webp,1536,1024,413666,exterior-painting-variant-1.png
painting-and-exterior/exterior-painting-variant-2,Painting & Exterior,Exterior painting variant 2,images/painting-and-exterior/exterior-painting-variant-2.webp,thumbs/painting-and-exterior/exterior-painting-variant-2.webp,1254,1254,293682,exterior-painting-variant-2.png
painting-and-exterior/exterior-painting-variant-3,Painting & Exterior,Exterior painting variant 3,images/painting-and-exterior/exterior-painting-variant-3.webp,thumbs/painting-and-exterior/exterior-painting-variant-3.webp,1122,1402,162736,exterior-painting-variant-3.png
painting-and-exterior/exterior-painting-variant-4,Painting & Exterior,Exterior painting variant 4,images/painting-and-exterior/exterior-painting-variant-4.webp,thumbs/painting-and-exterior/exterior-painting-variant-4.webp,1536,1024,425152,exterior-painting-variant-4.png
painting-and-exterior/general-painting-variant-1,Painting & Exterior,General painting variant 1,images/painting-and-exterior/general-painting-variant-1.webp,thumbs/painting-and-exterior/general-painting-variant-1.webp,1536,1024,122728,general-painting-variant-1.png
painting-and-exterior/general-painting-variant-2,Painting & Exterior,General painting variant 2,images/painting-and-exterior/general-painting-variant-2.webp,thumbs/painting-and-exterior/general-painting-variant-2.webp,1254,1254,201216,general-painting-variant-2.png
painting-and-exterior/general-painting-variant-3,Painting & Exterior,General painting variant 3,images/painting-and-exterior/general-painting-variant-3.webp,thumbs/painting-and-exterior/general-painting-variant-3.webp,1254,1254,95856,general-painting-variant-3.png
painting-and-exterior/general-painting-variant-4,Painting & Exterior,General painting variant 4,images/painting-and-exterior/general-painting-variant-4.webp,thumbs/painting-and-exterior/general-painting-variant-4.webp,1536,1024,372206,general-painting-variant-4.png
painting-and-exterior/paint-color-psychology-for-a-warm-and-balanced-living-room,Painting & Exterior,Paint color psychology for a warm and balanced living room,images/painting-and-exterior/paint-color-psychology-for-a-warm-and-balanced-living-room.webp,thumbs/painting-and-exterior/paint-color-psychology-for-a-warm-and-balanced-living-room.webp,1536,1024,218430,paint_color_psychology_for_a_warm_and_balanced_living_room.png
painting-and-exterior/paint-color-psychology-for-a-warm-and-balanced-living-room-2,Painting & Exterior,Paint color psychology for a warm and balanced living room 2,images/painting-and-exterior/paint-color-psychology-for-a-warm-and-balanced-living-room-2.webp,thumbs/painting-and-exterior/paint-color-psychology-for-a-warm-and-balanced-living-room-2.webp,1536,1024,168772,paint_color_psychology_for_a_warm_and_balanced_living_room_2.png
painting-and-exterior/power-washing-commercial-buildings-in-long-island-storefront-exterior,Painting & Exterior,Power washing commercial buildings in long island storefront exterior,images/painting-and-exterior/power-washing-commercial-buildings-in-long-island-storefront-exterior.webp,thumbs/painting-and-exterior/power-washing-commercial-buildings-in-long-island-storefront-exterior.webp,1536,1024,219506,power_washing_commercial_buildings_in_long_island_storefront_exterior.png
painting-and-exterior/pressure-washing-variant-1,Painting & Exterior,Pressure washing variant 1,images/painting-and-exterior/pressure-washing-variant-1.webp,thumbs/painting-and-exterior/pressure-washing-variant-1.webp,1402,1122,259662,pressure-washing-variant-1.png
painting-and-exterior/pressure-washing-variant-2,Painting & Exterior,Pressure washing variant 2,images/painting-and-exterior/pressure-washing-variant-2.webp,thumbs/painting-and-exterior/pressure-washing-variant-2.webp,1254,1254,383806,pressure-washing-variant-2.png
painting-and-exterior/pressure-washing-variant-4,Painting & Exterior,Pressure washing variant 4,images/painting-and-exterior/pressure-washing-variant-4.webp,thumbs/painting-and-exterior/pressure-washing-variant-4.webp,1536,1024,311374,pressure-washing-variant-4.png
plumbing/banging-pipes-water-hammer-home-plumbing-system,Plumbing,Banging pipes water hammer home plumbing system,images/plumbing/banging-pipes-water-hammer-home-plumbing-system.webp,thumbs/plumbing/banging-pipes-water-hammer-home-plumbing-system.webp,1536,1024,215190,banging-pipes-water-hammer-home-plumbing-system.png
plumbing/bbq-grease-clog-prevention-clean-kitchen-drain,Plumbing,Bbq grease clog prevention clean kitchen drain,images/plumbing/bbq-grease-clog-prevention-clean-kitchen-drain.webp,thumbs/plumbing/bbq-grease-clog-prevention-clean-kitchen-drain.webp,1536,1024,135154,bbq-grease-clog-prevention-clean-kitchen-drain.png
plumbing/drain-cleaning-santa-clara-ca-variant-1,Plumbing,Drain cleaning santa clara ca variant 1,images/plumbing/drain-cleaning-santa-clara-ca-variant-1.webp,thumbs/plumbing/drain-cleaning-santa-clara-ca-variant-1.webp,1536,1024,207760,drain-cleaning-santa-clara-ca-variant-1.png
plumbing/drain-cleaning-santa-clara-ca-variant-2,Plumbing,Drain cleaning santa clara ca variant 2,images/plumbing/drain-cleaning-santa-clara-ca-variant-2.webp,thumbs/plumbing/drain-cleaning-santa-clara-ca-variant-2.webp,1536,1024,67934,drain-cleaning-santa-clara-ca-variant-2.png
plumbing/drain-cleaning-santa-clara-ca-variant-3,Plumbing,Drain cleaning santa clara ca variant 3,images/plumbing/drain-cleaning-santa-clara-ca-variant-3.webp,thumbs/plumbing/drain-cleaning-santa-clara-ca-variant-3.webp,1536,1024,164072,drain-cleaning-santa-clara-ca-variant-3.png
plumbing/drain-cleaning-santa-clara-ca-variant-4,Plumbing,Drain cleaning santa clara ca variant 4,images/plumbing/drain-cleaning-santa-clara-ca-variant-4.webp,thumbs/plumbing/drain-cleaning-santa-clara-ca-variant-4.webp,1254,1254,494014,drain-cleaning-santa-clara-ca-variant-4.png
plumbing/homeowner-checking-high-water-bill-plumbing-leak-sink,Plumbing,Homeowner checking high water bill plumbing leak sink,images/plumbing/homeowner-checking-high-water-bill-plumbing-leak-sink.webp,thumbs/plumbing/homeowner-checking-high-water-bill-plumbing-leak-sink.webp,1536,1024,133556,homeowner-checking-high-water-bill-plumbing-leak-sink.png
plumbing/homeowner-reviewing-pipe-replacement-estimate-plumber,Plumbing,Homeowner reviewing pipe replacement estimate plumber,images/plumbing/homeowner-reviewing-pipe-replacement-estimate-plumber.webp,thumbs/plumbing/homeowner-reviewing-pipe-replacement-estimate-plumber.webp,1536,1024,164304,homeowner-reviewing-pipe-replacement-estimate-plumber.png
plumbing/pipe-descaling-service-improving-water-flow-home-plumbing-line,Plumbing,Pipe descaling service improving water flow home plumbing line,images/plumbing/pipe-descaling-service-improving-water-flow-home-plumbing-line.webp,thumbs/plumbing/pipe-descaling-service-improving-water-flow-home-plumbing-line.webp,1536,1024,214682,pipe-descaling-service-improving-water-flow-home-plumbing-line.png
plumbing/sewer-camera-home-buyers-pipe-conditions-before-closing,Plumbing,Sewer camera home buyers pipe conditions before closing,images/plumbing/sewer-camera-home-buyers-pipe-conditions-before-closing.webp,thumbs/plumbing/sewer-camera-home-buyers-pipe-conditions-before-closing.webp,1536,1024,415784,sewer-camera-home-buyers-pipe-conditions-before-closing.png
plumbing/sewer-pipe-replacement-santa-clara-ca-variant-1,Plumbing,Sewer pipe replacement santa clara ca variant 1,images/plumbing/sewer-pipe-replacement-santa-clara-ca-variant-1.webp,thumbs/plumbing/sewer-pipe-replacement-santa-clara-ca-variant-1.webp,1536,1024,442912,sewer-pipe-replacement-santa-clara-ca-variant-1.png
plumbing/sewer-pipe-replacement-santa-clara-ca-variant-2,Plumbing,Sewer pipe replacement santa clara ca variant 2,images/plumbing/sewer-pipe-replacement-santa-clara-ca-variant-2.webp,thumbs/plumbing/sewer-pipe-replacement-santa-clara-ca-variant-2.webp,1254,1254,508192,sewer-pipe-replacement-santa-clara-ca-variant-2.png
plumbing/sewer-pipe-replacement-santa-clara-ca-variant-3,Plumbing,Sewer pipe replacement santa clara ca variant 3,images/plumbing/sewer-pipe-replacement-santa-clara-ca-variant-3.webp,thumbs/plumbing/sewer-pipe-replacement-santa-clara-ca-variant-3.webp,1536,1024,268066,sewer-pipe-replacement-santa-clara-ca-variant-3.png
plumbing/sewer-pipe-replacement-santa-clara-ca-variant-4,Plumbing,Sewer pipe replacement santa clara ca variant 4,images/plumbing/sewer-pipe-replacement-santa-clara-ca-variant-4.webp,thumbs/plumbing/sewer-pipe-replacement-santa-clara-ca-variant-4.webp,1536,1024,323516,sewer-pipe-replacement-santa-clara-ca-variant-4.png
plumbing/technician-checking-tankless-water-heater-maintenance,Plumbing,Technician checking tankless water heater maintenance,images/plumbing/technician-checking-tankless-water-heater-maintenance.webp,thumbs/plumbing/technician-checking-tankless-water-heater-maintenance.webp,1536,1024,132642,technician-checking-tankless-water-heater-maintenance.png
pool-services/black-spots-in-pool-plaster-in-southern-california-showing-dark-surface-stains,Pool Services,Black spots in pool plaster in southern california showing dark surface stains,images/pool-services/black-spots-in-pool-plaster-in-southern-california-showing-dark-surface-stains.webp,thumbs/pool-services/black-spots-in-pool-plaster-in-southern-california-showing-dark-surface-stains.webp,1536,1024,558422,black_spots_in_pool_plaster_in_southern_california_showing_dark_surface_stains.png
pool-services/how-long-does-pool-replastering-take-for-a-rancho-cucamonga-backyard-pool,Pool Services,How long does pool replastering take for a rancho cucamonga backyard pool,images/pool-services/how-long-does-pool-replastering-take-for-a-rancho-cucamonga-backyard-pool.webp,thumbs/pool-services/how-long-does-pool-replastering-take-for-a-rancho-cucamonga-backyard-pool.webp,1536,1024,381700,how_long_does_pool_replastering_take_for_a_rancho_cucamonga_backyard_pool.png
pool-services/pool-remodeling-bloomington-ca-variant-1,Pool Services,Pool remodeling bloomington ca variant 1,images/pool-services/pool-remodeling-bloomington-ca-variant-1.webp,thumbs/pool-services/pool-remodeling-bloomington-ca-variant-1.webp,1536,1024,440238,pool-remodeling-bloomington-ca-variant-1.png
pool-services/pool-remodeling-bloomington-ca-variant-2,Pool Services,Pool remodeling bloomington ca variant 2,images/pool-services/pool-remodeling-bloomington-ca-variant-2.webp,thumbs/pool-services/pool-remodeling-bloomington-ca-variant-2.webp,1536,1024,308596,pool-remodeling-bloomington-ca-variant-2.png
pool-services/pool-remodeling-bloomington-ca-variant-3,Pool Services,Pool remodeling bloomington ca variant 3,images/pool-services/pool-remodeling-bloomington-ca-variant-3.webp,thumbs/pool-services/pool-remodeling-bloomington-ca-variant-3.webp,1536,1024,209234,pool-remodeling-bloomington-ca-variant-3.png
pool-services/pool-remodeling-bloomington-ca-variant-4,Pool Services,Pool remodeling bloomington ca variant 4,images/pool-services/pool-remodeling-bloomington-ca-variant-4.webp,thumbs/pool-services/pool-remodeling-bloomington-ca-variant-4.webp,1254,1254,249046,pool-remodeling-bloomington-ca-variant-4.png
pool-services/pool-renovation-ideas-for-an-updated-inland-empire-backyard,Pool Services,Pool renovation ideas for an updated inland empire backyard,images/pool-services/pool-renovation-ideas-for-an-updated-inland-empire-backyard.webp,thumbs/pool-services/pool-renovation-ideas-for-an-updated-inland-empire-backyard.webp,1536,1024,376886,pool_renovation_ideas_for_an_updated_inland_empire_backyard.png
pool-services/pool-replastering-san-bernardino-ca-variant-1,Pool Services,Pool replastering san bernardino ca variant 1,images/pool-services/pool-replastering-san-bernardino-ca-variant-1.webp,thumbs/pool-services/pool-replastering-san-bernardino-ca-variant-1.webp,1536,1024,409216,pool-replastering-san-bernardino-ca-variant-1.png
pool-services/pool-replastering-san-bernardino-ca-variant-2,Pool Services,Pool replastering san bernardino ca variant 2,images/pool-services/pool-replastering-san-bernardino-ca-variant-2.webp,thumbs/pool-services/pool-replastering-san-bernardino-ca-variant-2.webp,1536,1024,317808,pool-replastering-san-bernardino-ca-variant-2.png
pool-services/pool-replastering-san-bernardino-ca-variant-3,Pool Services,Pool replastering san bernardino ca variant 3,images/pool-services/pool-replastering-san-bernardino-ca-variant-3.webp,thumbs/pool-services/pool-replastering-san-bernardino-ca-variant-3.webp,1536,1024,355854,pool-replastering-san-bernardino-ca-variant-3.png
pool-services/pool-replastering-san-bernardino-ca-variant-4,Pool Services,Pool replastering san bernardino ca variant 4,images/pool-services/pool-replastering-san-bernardino-ca-variant-4.webp,thumbs/pool-services/pool-replastering-san-bernardino-ca-variant-4.webp,1254,1254,301786,pool-replastering-san-bernardino-ca-variant-4.png
pool-services/rough-pool-surface-before-pool-re-plaster-in-san-bernardino-ca,Pool Services,Rough pool surface before pool re plaster in san bernardino ca,images/pool-services/rough-pool-surface-before-pool-re-plaster-in-san-bernardino-ca.webp,thumbs/pool-services/rough-pool-surface-before-pool-re-plaster-in-san-bernardino-ca.webp,1536,1024,520156,rough_pool_surface_before_pool_re_plaster_in_san_bernardino_ca.png
roofing-and-gutters/asphalt-shingle-roof-lifespan-guide-homeowners,Roofing & Gutters,Asphalt shingle roof lifespan guide homeowners,images/roofing-and-gutters/asphalt-shingle-roof-lifespan-guide-homeowners.webp,thumbs/roofing-and-gutters/asphalt-shingle-roof-lifespan-guide-homeowners.webp,1536,1024,407482,asphalt-shingle-roof-lifespan-guide-homeowners.png
roofing-and-gutters/best-gutter-size-for-heavy-rain-in-pennsylvania-on-a-residential-roof,Roofing & Gutters,Best gutter size for heavy rain in pennsylvania on a residential roof,images/roofing-and-gutters/best-gutter-size-for-heavy-rain-in-pennsylvania-on-a-residential-roof.webp,thumbs/roofing-and-gutters/best-gutter-size-for-heavy-rain-in-pennsylvania-on-a-residential-roof.webp,1536,1024,271724,best_gutter_size_for_heavy_rain_in_pennsylvania_on_a_residential_roof.png
roofing-and-gutters/commercial-roof-maintenance-tips-for-property-owners-during-a-roof-inspection,Roofing & Gutters,Commercial roof maintenance tips for property owners during a roof inspection,images/roofing-and-gutters/commercial-roof-maintenance-tips-for-property-owners-during-a-roof-inspection.webp,thumbs/roofing-and-gutters/commercial-roof-maintenance-tips-for-property-owners-during-a-roof-inspection.webp,1536,1024,254674,commercial_roof_maintenance_tips_for_property_owners_during_a_roof_inspection.png
roofing-and-gutters/commercial-tpo-roofing-syracuse-ny-variant-1,Roofing & Gutters,Commercial tpo roofing syracuse ny variant 1,images/roofing-and-gutters/commercial-tpo-roofing-syracuse-ny-variant-1.webp,thumbs/roofing-and-gutters/commercial-tpo-roofing-syracuse-ny-variant-1.webp,1448,1086,102456,commercial-tpo-roofing-syracuse-ny-variant-1.png
roofing-and-gutters/commercial-tpo-roofing-syracuse-ny-variant-2,Roofing & Gutters,Commercial tpo roofing syracuse ny variant 2,images/roofing-and-gutters/commercial-tpo-roofing-syracuse-ny-variant-2.webp,thumbs/roofing-and-gutters/commercial-tpo-roofing-syracuse-ny-variant-2.webp,1536,1024,114692,commercial-tpo-roofing-syracuse-ny-variant-2.png
roofing-and-gutters/commercial-tpo-roofing-syracuse-ny-variant-3,Roofing & Gutters,Commercial tpo roofing syracuse ny variant 3,images/roofing-and-gutters/commercial-tpo-roofing-syracuse-ny-variant-3.webp,thumbs/roofing-and-gutters/commercial-tpo-roofing-syracuse-ny-variant-3.webp,1536,1024,184556,commercial-tpo-roofing-syracuse-ny-variant-3.png
roofing-and-gutters/commercial-tpo-roofing-syracuse-ny-variant-4,Roofing & Gutters,Commercial tpo roofing syracuse ny variant 4,images/roofing-and-gutters/commercial-tpo-roofing-syracuse-ny-variant-4.webp,thumbs/roofing-and-gutters/commercial-tpo-roofing-syracuse-ny-variant-4.webp,1254,1254,128658,commercial-tpo-roofing-syracuse-ny-variant-4.png
roofing-and-gutters/contractor-checking-replace-gutters-roof-replacement,Roofing & Gutters,Contractor checking replace gutters roof replacement,images/roofing-and-gutters/contractor-checking-replace-gutters-roof-replacement.webp,thumbs/roofing-and-gutters/contractor-checking-replace-gutters-roof-replacement.webp,1536,1024,258238,contractor-checking-replace-gutters-roof-replacement.png
roofing-and-gutters/copper-gutter-patina-home-exterior-charm,Roofing & Gutters,Copper gutter patina home exterior charm,images/roofing-and-gutters/copper-gutter-patina-home-exterior-charm.webp,thumbs/roofing-and-gutters/copper-gutter-patina-home-exterior-charm.webp,1536,1024,255540,copper-gutter-patina-home-exterior-charm.png
roofing-and-gutters/fascia-soffit-roof-damage-signs-home-roof-edge,Roofing & Gutters,Fascia soffit roof damage signs home roof edge,images/roofing-and-gutters/fascia-soffit-roof-damage-signs-home-roof-edge.webp,thumbs/roofing-and-gutters/fascia-soffit-roof-damage-signs-home-roof-edge.webp,1536,1024,121316,fascia-soffit-roof-damage-signs-home-roof-edge.png
roofing-and-gutters/gutter-repair-variant-1,Roofing & Gutters,Gutter repair variant 1,images/roofing-and-gutters/gutter-repair-variant-1.webp,thumbs/roofing-and-gutters/gutter-repair-variant-1.webp,1536,1024,200182,gutter-repair-variant-1.png
roofing-and-gutters/gutter-repair-variant-2,Roofing & Gutters,Gutter repair variant 2,images/roofing-and-gutters/gutter-repair-variant-2.webp,thumbs/roofing-and-gutters/gutter-repair-variant-2.webp,1254,1254,331620,gutter-repair-variant-2.png
roofing-and-gutters/gutter-repair-variant-3,Roofing & Gutters,Gutter repair variant 3,images/roofing-and-gutters/gutter-repair-variant-3.webp,thumbs/roofing-and-gutters/gutter-repair-variant-3.webp,1536,1024,134460,gutter-repair-variant-3.png
roofing-and-gutters/gutter-repair-variant-4,Roofing & Gutters,Gutter repair variant 4,images/roofing-and-gutters/gutter-repair-variant-4.webp,thumbs/roofing-and-gutters/gutter-repair-variant-4.webp,1122,1402,248390,gutter-repair-variant-4.png
roofing-and-gutters/gutter-services-variant-1,Roofing & Gutters,Gutter services variant 1,images/roofing-and-gutters/gutter-services-variant-1.webp,thumbs/roofing-and-gutters/gutter-services-variant-1.webp,1536,1024,261190,gutter-services-variant-1.png
roofing-and-gutters/gutter-services-variant-2,Roofing & Gutters,Gutter services variant 2,images/roofing-and-gutters/gutter-services-variant-2.webp,thumbs/roofing-and-gutters/gutter-services-variant-2.webp,1254,1254,343420,gutter-services-variant-2.png
roofing-and-gutters/gutter-services-variant-3,Roofing & Gutters,Gutter services variant 3,images/roofing-and-gutters/gutter-services-variant-3.webp,thumbs/roofing-and-gutters/gutter-services-variant-3.webp,1536,1024,143874,gutter-services-variant-3.png
roofing-and-gutters/gutter-services-variant-4,Roofing & Gutters,Gutter services variant 4,images/roofing-and-gutters/gutter-services-variant-4.webp,thumbs/roofing-and-gutters/gutter-services-variant-4.webp,1536,1024,299136,gutter-services-variant-4.png
roofing-and-gutters/home-gutter-showing-summer-repair-signs-in-pennsylvania,Roofing & Gutters,Home gutter showing summer repair signs in pennsylvania,images/roofing-and-gutters/home-gutter-showing-summer-repair-signs-in-pennsylvania.webp,thumbs/roofing-and-gutters/home-gutter-showing-summer-repair-signs-in-pennsylvania.webp,1536,1024,272734,home_gutter_showing_summer_repair_signs_in_pennsylvania.png
roofing-and-gutters/homeowner-checking-how-to-repair-gutters-after-summer-storm-damage,Roofing & Gutters,Homeowner checking how to repair gutters after summer storm damage,images/roofing-and-gutters/homeowner-checking-how-to-repair-gutters-after-summer-storm-damage.webp,thumbs/roofing-and-gutters/homeowner-checking-how-to-repair-gutters-after-summer-storm-damage.webp,1536,1024,289792,homeowner_checking_how_to_repair_gutters_after_summer_storm_damage.png
roofing-and-gutters/metal-roofing-installation-variant-1,Roofing & Gutters,Metal roofing installation variant 1,images/roofing-and-gutters/metal-roofing-installation-variant-1.webp,thumbs/roofing-and-gutters/metal-roofing-installation-variant-1.webp,1536,1024,328894,metal-roofing-installation-variant-1.png
roofing-and-gutters/metal-roofing-installation-variant-2,Roofing & Gutters,Metal roofing installation variant 2,images/roofing-and-gutters/metal-roofing-installation-variant-2.webp,thumbs/roofing-and-gutters/metal-roofing-installation-variant-2.webp,1254,1254,168288,metal-roofing-installation-variant-2.png
roofing-and-gutters/metal-roofing-installation-variant-3,Roofing & Gutters,Metal roofing installation variant 3,images/roofing-and-gutters/metal-roofing-installation-variant-3.webp,thumbs/roofing-and-gutters/metal-roofing-installation-variant-3.webp,1536,1024,154246,metal-roofing-installation-variant-3.png
roofing-and-gutters/metal-roofing-installation-variant-4,Roofing & Gutters,Metal roofing installation variant 4,images/roofing-and-gutters/metal-roofing-installation-variant-4.webp,thumbs/roofing-and-gutters/metal-roofing-installation-variant-4.webp,1536,1024,383400,metal-roofing-installation-variant-4.png
roofing-and-gutters/modern-roofing-products-protecting-a-residential-home,Roofing & Gutters,Modern roofing products protecting a residential home,images/roofing-and-gutters/modern-roofing-products-protecting-a-residential-home.webp,thumbs/roofing-and-gutters/modern-roofing-products-protecting-a-residential-home.webp,1536,1024,245950,modern_roofing_products_protecting_a_residential_home.png
roofing-and-gutters/ridge-cap-shingles-clean-finished-roofline,Roofing & Gutters,Ridge cap shingles clean finished roofline,images/roofing-and-gutters/ridge-cap-shingles-clean-finished-roofline.webp,thumbs/roofing-and-gutters/ridge-cap-shingles-clean-finished-roofline.webp,1536,1024,438848,ridge-cap-shingles-clean-finished-roofline.png
roofing-and-gutters/roof-flashing-repair-services,Roofing & Gutters,Roof flashing repair services,images/roofing-and-gutters/roof-flashing-repair-services.webp,thumbs/roofing-and-gutters/roof-flashing-repair-services.webp,1536,1024,390326,roof-flashing-repair-services.png
roofing-and-gutters/roof-flashing-replacement-chimney-prevent-leaks,Roofing & Gutters,Roof flashing replacement chimney prevent leaks,images/roofing-and-gutters/roof-flashing-replacement-chimney-prevent-leaks.webp,thumbs/roofing-and-gutters/roof-flashing-replacement-chimney-prevent-leaks.webp,1536,1024,365072,roof-flashing-replacement-chimney-prevent-leaks.png
roofing-and-gutters/roof-installation-estimate-review-home-project,Roofing & Gutters,Roof installation estimate review home project,images/roofing-and-gutters/roof-installation-estimate-review-home-project.webp,thumbs/roofing-and-gutters/roof-installation-estimate-review-home-project.webp,1536,1024,163488,roof-installation-estimate-review-home-project.png
roofing-and-gutters/roof-repair-syracuse-ny-variant-1,Roofing & Gutters,Roof repair syracuse ny variant 1,images/roofing-and-gutters/roof-repair-syracuse-ny-variant-1.webp,thumbs/roofing-and-gutters/roof-repair-syracuse-ny-variant-1.webp,1536,1024,375496,roof-repair-syracuse-ny-variant-1.png
roofing-and-gutters/roof-repair-syracuse-ny-variant-2,Roofing & Gutters,Roof repair syracuse ny variant 2,images/roofing-and-gutters/roof-repair-syracuse-ny-variant-2.webp,thumbs/roofing-and-gutters/roof-repair-syracuse-ny-variant-2.webp,1536,1024,340350,roof-repair-syracuse-ny-variant-2.png
roofing-and-gutters/roof-repair-syracuse-ny-variant-3,Roofing & Gutters,Roof repair syracuse ny variant 3,images/roofing-and-gutters/roof-repair-syracuse-ny-variant-3.webp,thumbs/roofing-and-gutters/roof-repair-syracuse-ny-variant-3.webp,1536,1024,238764,roof-repair-syracuse-ny-variant-3.png
roofing-and-gutters/roof-repair-syracuse-ny-variant-4,Roofing & Gutters,Roof repair syracuse ny variant 4,images/roofing-and-gutters/roof-repair-syracuse-ny-variant-4.webp,thumbs/roofing-and-gutters/roof-repair-syracuse-ny-variant-4.webp,1254,1254,335690,roof-repair-syracuse-ny-variant-4.png
roofing-and-gutters/roof-repair-variant-1,Roofing & Gutters,Roof repair variant 1,images/roofing-and-gutters/roof-repair-variant-1.webp,thumbs/roofing-and-gutters/roof-repair-variant-1.webp,1254,1254,508396,roof-repair-variant-1.png
roofing-and-gutters/roof-repair-variant-2,Roofing & Gutters,Roof repair variant 2,images/roofing-and-gutters/roof-repair-variant-2.webp,thumbs/roofing-and-gutters/roof-repair-variant-2.webp,1536,1024,302342,roof-repair-variant-2.png
roofing-and-gutters/roof-repair-variant-3,Roofing & Gutters,Roof repair variant 3,images/roofing-and-gutters/roof-repair-variant-3.webp,thumbs/roofing-and-gutters/roof-repair-variant-3.webp,1536,1024,380258,roof-repair-variant-3.png
roofing-and-gutters/roof-repair-variant-4,Roofing & Gutters,Roof repair variant 4,images/roofing-and-gutters/roof-repair-variant-4.webp,thumbs/roofing-and-gutters/roof-repair-variant-4.webp,1254,1254,314364,roof-repair-variant-4.png
roofing-and-gutters/roof-repair-variant-5,Roofing & Gutters,Roof repair variant 5,images/roofing-and-gutters/roof-repair-variant-5.webp,thumbs/roofing-and-gutters/roof-repair-variant-5.webp,1536,1024,271386,roof-repair-variant-5.png
roofing-and-gutters/roof-repair-variant-6,Roofing & Gutters,Roof repair variant 6,images/roofing-and-gutters/roof-repair-variant-6.webp,thumbs/roofing-and-gutters/roof-repair-variant-6.webp,1254,1254,287412,roof-repair-variant-6.png
roofing-and-gutters/roof-repair-variant-7,Roofing & Gutters,Roof repair variant 7,images/roofing-and-gutters/roof-repair-variant-7.webp,thumbs/roofing-and-gutters/roof-repair-variant-7.webp,1536,1024,277884,roof-repair-variant-7.png
roofing-and-gutters/roof-repair-variant-8,Roofing & Gutters,Roof repair variant 8,images/roofing-and-gutters/roof-repair-variant-8.webp,thumbs/roofing-and-gutters/roof-repair-variant-8.webp,1536,1024,243068,roof-repair-variant-8.png
roofing-and-gutters/roof-replacement-older-homes-careful-inspection,Roofing & Gutters,Roof replacement older homes careful inspection,images/roofing-and-gutters/roof-replacement-older-homes-careful-inspection.webp,thumbs/roofing-and-gutters/roof-replacement-older-homes-careful-inspection.webp,1536,1024,380936,roof-replacement-older-homes-careful-inspection.png
roofing-and-gutters/roof-system-components-shown-on-a-residential-home,Roofing & Gutters,Roof system components shown on a residential home,images/roofing-and-gutters/roof-system-components-shown-on-a-residential-home.webp,thumbs/roofing-and-gutters/roof-system-components-shown-on-a-residential-home.webp,1536,1024,378108,roof_system_components_shown_on_a_residential_home.png
roofing-and-gutters/roofing-contractor-in-port-orchard-wa,Roofing & Gutters,Roofing contractor in port orchard wa,images/roofing-and-gutters/roofing-contractor-in-port-orchard-wa.webp,thumbs/roofing-and-gutters/roofing-contractor-in-port-orchard-wa.webp,1536,1024,299236,roofing_contractor_in_port_orchard_wa.png
roofing-and-gutters/roofing-services-variant-1,Roofing & Gutters,Roofing services variant 1,images/roofing-and-gutters/roofing-services-variant-1.webp,thumbs/roofing-and-gutters/roofing-services-variant-1.webp,1536,1024,407558,roofing-services-variant-1.png
roofing-and-gutters/roofing-services-variant-2,Roofing & Gutters,Roofing services variant 2,images/roofing-and-gutters/roofing-services-variant-2.webp,thumbs/roofing-and-gutters/roofing-services-variant-2.webp,1254,1254,451560,roofing-services-variant-2.png
roofing-and-gutters/roofing-services-variant-3,Roofing & Gutters,Roofing services variant 3,images/roofing-and-gutters/roofing-services-variant-3.webp,thumbs/roofing-and-gutters/roofing-services-variant-3.webp,1254,1254,321206,roofing-services-variant-3.png
roofing-and-gutters/roofing-services-variant-4,Roofing & Gutters,Roofing services variant 4,images/roofing-and-gutters/roofing-services-variant-4.webp,thumbs/roofing-and-gutters/roofing-services-variant-4.webp,1536,1024,285602,roofing-services-variant-4.png
roofing-and-gutters/shingle-roof-colors-improving-home-curb-appeal,Roofing & Gutters,Shingle roof colors improving home curb appeal,images/roofing-and-gutters/shingle-roof-colors-improving-home-curb-appeal.webp,thumbs/roofing-and-gutters/shingle-roof-colors-improving-home-curb-appeal.webp,1536,1024,390608,shingle_roof_colors_improving_home_curb_appeal.png
roofing-and-gutters/siding-installation-replacement-gutter-repair-installation-variant-1,Roofing & Gutters,Siding installation replacement gutter repair installation variant 1,images/roofing-and-gutters/siding-installation-replacement-gutter-repair-installation-variant-1.webp,thumbs/roofing-and-gutters/siding-installation-replacement-gutter-repair-installation-variant-1.webp,1536,1024,331640,siding-installation-replacement-gutter-repair-installation-variant-1.png
roofing-and-gutters/siding-installation-replacement-gutter-repair-installation-variant-2,Roofing & Gutters,Siding installation replacement gutter repair installation variant 2,images/roofing-and-gutters/siding-installation-replacement-gutter-repair-installation-variant-2.webp,thumbs/roofing-and-gutters/siding-installation-replacement-gutter-repair-installation-variant-2.webp,1254,1254,298222,siding-installation-replacement-gutter-repair-installation-variant-2.png
roofing-and-gutters/siding-installation-replacement-gutter-repair-installation-variant-3,Roofing & Gutters,Siding installation replacement gutter repair installation variant 3,images/roofing-and-gutters/siding-installation-replacement-gutter-repair-installation-variant-3.webp,thumbs/roofing-and-gutters/siding-installation-replacement-gutter-repair-installation-variant-3.webp,1536,1024,121812,siding-installation-replacement-gutter-repair-installation-variant-3.png
roofing-and-gutters/siding-installation-replacement-gutter-repair-installation-variant-4,Roofing & Gutters,Siding installation replacement gutter repair installation variant 4,images/roofing-and-gutters/siding-installation-replacement-gutter-repair-installation-variant-4.webp,thumbs/roofing-and-gutters/siding-installation-replacement-gutter-repair-installation-variant-4.webp,1254,1254,311806,siding-installation-replacement-gutter-repair-installation-variant-4.png
roofing-and-gutters/siding-services-variant-1,Roofing & Gutters,Siding services variant 1,images/roofing-and-gutters/siding-services-variant-1.webp,thumbs/roofing-and-gutters/siding-services-variant-1.webp,1254,1254,398222,siding-services-variant-1.png
roofing-and-gutters/siding-services-variant-2,Roofing & Gutters,Siding services variant 2,images/roofing-and-gutters/siding-services-variant-2.webp,thumbs/roofing-and-gutters/siding-services-variant-2.webp,1536,1024,270428,siding-services-variant-2.png
roofing-and-gutters/siding-services-variant-3,Roofing & Gutters,Siding services variant 3,images/roofing-and-gutters/siding-services-variant-3.webp,thumbs/roofing-and-gutters/siding-services-variant-3.webp,1254,1254,235256,siding-services-variant-3.png
roofing-and-gutters/siding-services-variant-4,Roofing & Gutters,Siding services variant 4,images/roofing-and-gutters/siding-services-variant-4.webp,thumbs/roofing-and-gutters/siding-services-variant-4.webp,1254,1254,331426,siding-services-variant-4.png
roofing-and-gutters/summer-roof-maintenance-check-on-a-residential-home,Roofing & Gutters,Summer roof maintenance check on a residential home,images/roofing-and-gutters/summer-roof-maintenance-check-on-a-residential-home.webp,thumbs/roofing-and-gutters/summer-roof-maintenance-check-on-a-residential-home.webp,1536,1024,262678,summer_roof_maintenance_check_on_a_residential_home.png
roofing-and-gutters/summer-roof-maintenance-checklist-washington-state,Roofing & Gutters,Summer roof maintenance checklist washington state,images/roofing-and-gutters/summer-roof-maintenance-checklist-washington-state.webp,thumbs/roofing-and-gutters/summer-roof-maintenance-checklist-washington-state.webp,1536,1024,381052,summer_roof_maintenance_checklist_washington_state.png
roofing-and-gutters/technician-cleaning-gutters-before-summer-rain-in-telford-pa,Roofing & Gutters,Technician cleaning gutters before summer rain in telford pa,images/roofing-and-gutters/technician-cleaning-gutters-before-summer-rain-in-telford-pa.webp,thumbs/roofing-and-gutters/technician-cleaning-gutters-before-summer-rain-in-telford-pa.webp,1537,1023,204738,technician_cleaning_gutters_before_summer_rain_in_telford_pa.png
roofing-and-gutters/tpo-pvc-torch-down-roofing-variant-2,Roofing & Gutters,Tpo pvc torch down roofing variant 2,images/roofing-and-gutters/tpo-pvc-torch-down-roofing-variant-2.webp,thumbs/roofing-and-gutters/tpo-pvc-torch-down-roofing-variant-2.webp,1254,1254,68432,tpo-pvc-torch-down-roofing-variant-2.png
roofing-and-gutters/tpo-pvc-torch-down-roofing-variant-3,Roofing & Gutters,Tpo pvc torch down roofing variant 3,images/roofing-and-gutters/tpo-pvc-torch-down-roofing-variant-3.webp,thumbs/roofing-and-gutters/tpo-pvc-torch-down-roofing-variant-3.webp,1254,1254,260372,tpo-pvc-torch-down-roofing-variant-3.png
roofing-and-gutters/tpo-pvc-torch-down-roofing-variant-4,Roofing & Gutters,Tpo pvc torch down roofing variant 4,images/roofing-and-gutters/tpo-pvc-torch-down-roofing-variant-4.webp,thumbs/roofing-and-gutters/tpo-pvc-torch-down-roofing-variant-4.webp,1536,1024,150656,tpo-pvc-torch-down-roofing-variant-4.png
shipping-services-envios/caja-cuidadosamente-empacada-con-alimentos-medicinas-y-ropa-para-enviar-a-cuba,Shipping Services (Envios),Caja cuidadosamente empacada con alimentos medicinas y ropa para enviar a cuba,images/shipping-services-envios/caja-cuidadosamente-empacada-con-alimentos-medicinas-y-ropa-para-enviar-a-cuba.webp,thumbs/shipping-services-envios/caja-cuidadosamente-empacada-con-alimentos-medicinas-y-ropa-para-enviar-a-cuba.webp,1536,1024,209834,caja_cuidadosamente_empacada_con_alimentos_medicinas_y_ropa_para_enviar_a_cuba.png
shipping-services-envios/identificaciones-y-formularios-sobre-un-escritorio-para-procesar-envios,Shipping Services (Envios),Identificaciones y formularios sobre un escritorio para procesar envios,images/shipping-services-envios/identificaciones-y-formularios-sobre-un-escritorio-para-procesar-envios.webp,thumbs/shipping-services-envios/identificaciones-y-formularios-sobre-un-escritorio-para-procesar-envios.webp,1536,1024,104832,identificaciones_y_formularios_sobre_un_escritorio_para_procesar_envios.png
shipping-services-envios/persona-envolviendo-cuidadosamente-articulos-fragiles-en-plastico-de-burbujas-para-envio,Shipping Services (Envios),Persona envolviendo cuidadosamente articulos fragiles en plastico de burbujas para envio,images/shipping-services-envios/persona-envolviendo-cuidadosamente-articulos-fragiles-en-plastico-de-burbujas-para-envio.webp,thumbs/shipping-services-envios/persona-envolviendo-cuidadosamente-articulos-fragiles-en-plastico-de-burbujas-para-envio.webp,1536,1024,147740,persona_envolviendo_cuidadosamente_articulos_fragiles_en_plastico_de_burbujas_para_envio.png
shipping-services-envios/punto-de-inspeccion-aduanal-mostrando-conceptos-de-articulos-restringidos,Shipping Services (Envios),Punto de inspeccion aduanal mostrando conceptos de articulos restringidos,images/shipping-services-envios/punto-de-inspeccion-aduanal-mostrando-conceptos-de-articulos-restringidos.webp,thumbs/shipping-services-envios/punto-de-inspeccion-aduanal-mostrando-conceptos-de-articulos-restringidos.webp,1536,1024,88102,punto_de_inspeccion_aduanal_mostrando_conceptos_de_articulos_restringidos.png
tree-services/arborist-inspection-kansas-city-summer-check-after-storm-branch-damage,Tree Services,Arborist inspection kansas city summer check after storm branch damage,images/tree-services/arborist-inspection-kansas-city-summer-check-after-storm-branch-damage.webp,thumbs/tree-services/arborist-inspection-kansas-city-summer-check-after-storm-branch-damage.webp,1536,1024,308610,arborist_inspection_kansas_city_summer_check_after_storm_branch_damage.png
tree-services/arborist-inspection-kansas-city-summer-tree-review-for-healthy-canopy-care,Tree Services,Arborist inspection kansas city summer tree review for healthy canopy care,images/tree-services/arborist-inspection-kansas-city-summer-tree-review-for-healthy-canopy-care.webp,thumbs/tree-services/arborist-inspection-kansas-city-summer-tree-review-for-healthy-canopy-care.webp,1536,1024,387218,arborist_inspection_kansas_city_summer_tree_review_for_healthy_canopy_care.png
tree-services/bark-damage-on-an-alabama-tree-during-hot-summer-weather,Tree Services,Bark damage on an alabama tree during hot summer weather,images/tree-services/bark-damage-on-an-alabama-tree-during-hot-summer-weather.webp,thumbs/tree-services/bark-damage-on-an-alabama-tree-during-hot-summer-weather.webp,1536,1024,456766,bark_damage_on_an_alabama_tree_during_hot_summer_weather.png
tree-services/broken-tree-branch-safety-check-after-an-alabama-storm,Tree Services,Broken tree branch safety check after an alabama storm,images/tree-services/broken-tree-branch-safety-check-after-an-alabama-storm.webp,thumbs/tree-services/broken-tree-branch-safety-check-after-an-alabama-storm.webp,1536,1024,672294,broken_tree_branch_safety_check_after_an_alabama_storm.png
tree-services/brush-removal-for-backyard-drainage-in-a-clean-backyard-after-rain,Tree Services,Brush removal for backyard drainage in a clean backyard after rain,images/tree-services/brush-removal-for-backyard-drainage-in-a-clean-backyard-after-rain.webp,thumbs/tree-services/brush-removal-for-backyard-drainage-in-a-clean-backyard-after-rain.webp,1536,1024,523654,brush_removal_for_backyard_drainage_in_a_clean_backyard_after_rain.png
tree-services/brush-removal-for-property-access-clearing-overgrowth-near-a-driveway,Tree Services,Brush removal for property access clearing overgrowth near a driveway,images/tree-services/brush-removal-for-property-access-clearing-overgrowth-near-a-driveway.webp,thumbs/tree-services/brush-removal-for-property-access-clearing-overgrowth-near-a-driveway.webp,1536,1024,564204,brush_removal_for_property_access_clearing_overgrowth_near_a_driveway.png
tree-services/cleared-summer-lot-in-decatur-al-ready-for-outdoor-use,Tree Services,Cleared summer lot in decatur al ready for outdoor use,images/tree-services/cleared-summer-lot-in-decatur-al-ready-for-outdoor-use.webp,thumbs/tree-services/cleared-summer-lot-in-decatur-al-ready-for-outdoor-use.webp,1536,1024,632342,cleared_summer_lot_in_decatur_al_ready_for_outdoor_use.png
tree-services/dead-tree-removal-hazards-near-a-home-and-driveway,Tree Services,Dead tree removal hazards near a home and driveway,images/tree-services/dead-tree-removal-hazards-near-a-home-and-driveway.webp,thumbs/tree-services/dead-tree-removal-hazards-near-a-home-and-driveway.webp,1536,1024,420858,dead_tree_removal_hazards_near_a_home_and_driveway.png
tree-services/emergency-storm-cleanup-response-time-after-severe-weather,Tree Services,Emergency storm cleanup response time after severe weather,images/tree-services/emergency-storm-cleanup-response-time-after-severe-weather.webp,thumbs/tree-services/emergency-storm-cleanup-response-time-after-severe-weather.webp,1536,1024,372108,emergency_storm_cleanup_response_time_after_severe_weather.png
tree-services/emergency-tree-service-tree-removal-variant-1,Tree Services,Emergency tree service tree removal variant 1,images/tree-services/emergency-tree-service-tree-removal-variant-1.webp,thumbs/tree-services/emergency-tree-service-tree-removal-variant-1.webp,1536,1024,553686,emergency-tree-service-tree-removal-variant-1.png
tree-services/emergency-tree-service-tree-removal-variant-2,Tree Services,Emergency tree service tree removal variant 2,images/tree-services/emergency-tree-service-tree-removal-variant-2.webp,thumbs/tree-services/emergency-tree-service-tree-removal-variant-2.webp,1254,1254,524892,emergency-tree-service-tree-removal-variant-2.png
tree-services/emergency-tree-service-tree-removal-variant-3,Tree Services,Emergency tree service tree removal variant 3,images/tree-services/emergency-tree-service-tree-removal-variant-3.webp,thumbs/tree-services/emergency-tree-service-tree-removal-variant-3.webp,1254,1254,401200,emergency-tree-service-tree-removal-variant-3.png
tree-services/emergency-tree-service-tree-removal-variant-4,Tree Services,Emergency tree service tree removal variant 4,images/tree-services/emergency-tree-service-tree-removal-variant-4.webp,thumbs/tree-services/emergency-tree-service-tree-removal-variant-4.webp,1536,1024,484980,emergency-tree-service-tree-removal-variant-4.png
tree-services/hazardous-branches-showing-overgrown-tree-branches-risks-above-a-roof,Tree Services,Hazardous branches showing overgrown tree branches risks above a roof,images/tree-services/hazardous-branches-showing-overgrown-tree-branches-risks-above-a-roof.webp,thumbs/tree-services/hazardous-branches-showing-overgrown-tree-branches-risks-above-a-roof.webp,1536,1024,421682,hazardous_branches_showing_overgrown_tree_branches_risks_above_a_roof.png
tree-services/healthy-shade-tree-in-an-alabama-yard-during-summer,Tree Services,Healthy shade tree in an alabama yard during summer,images/tree-services/healthy-shade-tree-in-an-alabama-yard-during-summer.webp,thumbs/tree-services/healthy-shade-tree-in-an-alabama-yard-during-summer.webp,1536,1024,630542,healthy_shade_tree_in_an_alabama_yard_during_summer.png
tree-services/land-clearing-stump-grinding-variant-1,Tree Services,Land clearing stump grinding variant 1,images/tree-services/land-clearing-stump-grinding-variant-1.webp,thumbs/tree-services/land-clearing-stump-grinding-variant-1.webp,1402,1122,734516,land-clearing-stump-grinding-variant-1.png
tree-services/land-clearing-stump-grinding-variant-2,Tree Services,Land clearing stump grinding variant 2,images/tree-services/land-clearing-stump-grinding-variant-2.webp,thumbs/tree-services/land-clearing-stump-grinding-variant-2.webp,1254,1254,603346,land-clearing-stump-grinding-variant-2.png
tree-services/land-clearing-stump-grinding-variant-3,Tree Services,Land clearing stump grinding variant 3,images/tree-services/land-clearing-stump-grinding-variant-3.webp,thumbs/tree-services/land-clearing-stump-grinding-variant-3.webp,1254,1254,460502,land-clearing-stump-grinding-variant-3.png
tree-services/land-clearing-stump-grinding-variant-4,Tree Services,Land clearing stump grinding variant 4,images/tree-services/land-clearing-stump-grinding-variant-4.webp,thumbs/tree-services/land-clearing-stump-grinding-variant-4.webp,1536,1024,612934,land-clearing-stump-grinding-variant-4.png
tree-services/lot-clearing-contractor-preparing-an-overgrown-decatur-al-property,Tree Services,Lot clearing contractor preparing an overgrown decatur al property,images/tree-services/lot-clearing-contractor-preparing-an-overgrown-decatur-al-property.webp,thumbs/tree-services/lot-clearing-contractor-preparing-an-overgrown-decatur-al-property.webp,1536,1024,599116,lot_clearing_contractor_preparing_an_overgrown_decatur_al_property.png
tree-services/old-yard-stump-showing-why-tree-stump-attracts-pests,Tree Services,Old yard stump showing why tree stump attracts pests,images/tree-services/old-yard-stump-showing-why-tree-stump-attracts-pests.webp,thumbs/tree-services/old-yard-stump-showing-why-tree-stump-attracts-pests.webp,1536,1024,518422,old_yard_stump_showing_why_tree_stump_attracts_pests.png
tree-services/overgrown-tree-branches-risks-near-a-kansas-city-home,Tree Services,Overgrown tree branches risks near a kansas city home,images/tree-services/overgrown-tree-branches-risks-near-a-kansas-city-home.webp,thumbs/tree-services/overgrown-tree-branches-risks-near-a-kansas-city-home.webp,1536,1024,501668,overgrown_tree_branches_risks_near_a_kansas_city_home.png
tree-services/overgrown-tree-problems-affecting-backyard-safety-and-sunlight,Tree Services,Overgrown tree problems affecting backyard safety and sunlight,images/tree-services/overgrown-tree-problems-affecting-backyard-safety-and-sunlight.webp,thumbs/tree-services/overgrown-tree-problems-affecting-backyard-safety-and-sunlight.webp,1536,1024,624478,overgrown_tree_problems_affecting_backyard_safety_and_sunlight.png
tree-services/post-storm-tree-damage-assessment-in-alabama-after-severe-weather,Tree Services,Post storm tree damage assessment in alabama after severe weather,images/tree-services/post-storm-tree-damage-assessment-in-alabama-after-severe-weather.webp,thumbs/tree-services/post-storm-tree-damage-assessment-in-alabama-after-severe-weather.webp,1536,1024,413456,post_storm_tree_damage_assessment_in_alabama_after_severe_weather.png
tree-services/property-check-for-tree-removal-permits-in-kansas-city-mo,Tree Services,Property check for tree removal permits in kansas city mo,images/tree-services/property-check-for-tree-removal-permits-in-kansas-city-mo.webp,thumbs/tree-services/property-check-for-tree-removal-permits-in-kansas-city-mo.webp,1536,1024,356086,property_check_for_tree_removal_permits_in_kansas_city_mo.png
tree-services/seasonal-pruning-tips-for-kansas-city-trees-in-a-healthy-yard,Tree Services,Seasonal pruning tips for kansas city trees in a healthy yard,images/tree-services/seasonal-pruning-tips-for-kansas-city-trees-in-a-healthy-yard.webp,thumbs/tree-services/seasonal-pruning-tips-for-kansas-city-trees-in-a-healthy-yard.webp,1536,1024,529212,seasonal_pruning_tips_for_kansas_city_trees_in_a_healthy_yard.png
tree-services/seasonal-pruning-tips-for-safe-summer-tree-care-near-a-home,Tree Services,Seasonal pruning tips for safe summer tree care near a home,images/tree-services/seasonal-pruning-tips-for-safe-summer-tree-care-near-a-home.webp,thumbs/tree-services/seasonal-pruning-tips-for-safe-summer-tree-care-near-a-home.webp,1536,1024,501296,seasonal_pruning_tips_for_safe_summer_tree_care_near_a_home.png
tree-services/signs-of-a-dying-tree-in-an-alabama-yard-during-summer,Tree Services,Signs of a dying tree in an alabama yard during summer,images/tree-services/signs-of-a-dying-tree-in-an-alabama-yard-during-summer.webp,thumbs/tree-services/signs-of-a-dying-tree-in-an-alabama-yard-during-summer.webp,1536,1024,585896,signs_of_a_dying_tree_in_an_alabama_yard_during_summer.png
tree-services/signs-of-dead-trees-in-a-kansas-city-backyard,Tree Services,Signs of dead trees in a kansas city backyard,images/tree-services/signs-of-dead-trees-in-a-kansas-city-backyard.webp,thumbs/tree-services/signs-of-dead-trees-in-a-kansas-city-backyard.webp,1536,1024,483728,signs_of_dead_trees_in_a_kansas_city_backyard.png
tree-services/signs-of-dead-trees-with-peeling-bark-and-dry-trunk,Tree Services,Signs of dead trees with peeling bark and dry trunk,images/tree-services/signs-of-dead-trees-with-peeling-bark-and-dry-trunk.webp,thumbs/tree-services/signs-of-dead-trees-with-peeling-bark-and-dry-trunk.webp,1536,1024,311804,signs_of_dead_trees_with_peeling_bark_and_dry_trunk.png
tree-services/signs-of-dying-tree-alabama-summer-with-brown-leaves-in-june,Tree Services,Signs of dying tree alabama summer with brown leaves in june,images/tree-services/signs-of-dying-tree-alabama-summer-with-brown-leaves-in-june.webp,thumbs/tree-services/signs-of-dying-tree-alabama-summer-with-brown-leaves-in-june.webp,1536,1024,600000,signs_of_dying_tree_alabama_summer_with_brown_leaves_in_june.png
tree-services/slow-watering-method-used-to-support-tree-roots-in-summer,Tree Services,Slow watering method used to support tree roots in summer,images/tree-services/slow-watering-method-used-to-support-tree-roots-in-summer.webp,thumbs/tree-services/slow-watering-method-used-to-support-tree-roots-in-summer.webp,1536,1024,480200,slow_watering_method_used_to_support_tree_roots_in_summer.png
tree-services/spring-tree-care-for-a-healthy-alabama-yard-before-summer,Tree Services,Spring tree care for a healthy alabama yard before summer,images/tree-services/spring-tree-care-for-a-healthy-alabama-yard-before-summer.webp,thumbs/tree-services/spring-tree-care-for-a-healthy-alabama-yard-before-summer.webp,1536,1024,580286,spring_tree_care_for_a_healthy_alabama_yard_before_summer.png
tree-services/storm-damage-clean-up-variant-1,Tree Services,Storm damage clean up variant 1,images/tree-services/storm-damage-clean-up-variant-1.webp,thumbs/tree-services/storm-damage-clean-up-variant-1.webp,1536,1024,441850,storm-damage-clean-up-variant-1.png
tree-services/storm-damage-clean-up-variant-2,Tree Services,Storm damage clean up variant 2,images/tree-services/storm-damage-clean-up-variant-2.webp,thumbs/tree-services/storm-damage-clean-up-variant-2.webp,1254,1254,613988,storm-damage-clean-up-variant-2.png
tree-services/storm-damage-clean-up-variant-3,Tree Services,Storm damage clean up variant 3,images/tree-services/storm-damage-clean-up-variant-3.webp,thumbs/tree-services/storm-damage-clean-up-variant-3.webp,1536,1024,279122,storm-damage-clean-up-variant-3.png
tree-services/storm-damage-clean-up-variant-4,Tree Services,Storm damage clean up variant 4,images/tree-services/storm-damage-clean-up-variant-4.webp,thumbs/tree-services/storm-damage-clean-up-variant-4.webp,1536,1024,522940,storm-damage-clean-up-variant-4.png
tree-services/stump-grinding-depth-for-a-cleaner-and-smoother-outdoor-space,Tree Services,Stump grinding depth for a cleaner and smoother outdoor space,images/tree-services/stump-grinding-depth-for-a-cleaner-and-smoother-outdoor-space.webp,thumbs/tree-services/stump-grinding-depth-for-a-cleaner-and-smoother-outdoor-space.webp,1536,1024,469182,stump_grinding_depth_for_a_cleaner_and_smoother_outdoor_space.png
tree-services/stump-grinding-for-outdoor-living-spaces-in-a-clean-backyard,Tree Services,Stump grinding for outdoor living spaces in a clean backyard,images/tree-services/stump-grinding-for-outdoor-living-spaces-in-a-clean-backyard.webp,thumbs/tree-services/stump-grinding-for-outdoor-living-spaces-in-a-clean-backyard.webp,1536,1024,459002,stump_grinding_for_outdoor_living_spaces_in_a_clean_backyard.png
tree-services/stump-grinding-in-huntsville-al-for-a-cleaner-residential-yard,Tree Services,Stump grinding in huntsville al for a cleaner residential yard,images/tree-services/stump-grinding-in-huntsville-al-for-a-cleaner-residential-yard.webp,thumbs/tree-services/stump-grinding-in-huntsville-al-for-a-cleaner-residential-yard.webp,1536,1024,563772,stump_grinding_in_huntsville_al_for_a_cleaner_residential_yard.png
tree-services/stump-grinding-service-in-norwalk-ct-for-a-cleaner-yard,Tree Services,Stump grinding service in norwalk ct for a cleaner yard,images/tree-services/stump-grinding-service-in-norwalk-ct-for-a-cleaner-yard.webp,thumbs/tree-services/stump-grinding-service-in-norwalk-ct-for-a-cleaner-yard.webp,1536,1024,332806,stump_grinding_service_in_norwalk_ct_for_a_cleaner_yard.png
tree-services/summer-tree-care-calendar-for-healthy-seasonal-trees,Tree Services,Summer tree care calendar for healthy seasonal trees,images/tree-services/summer-tree-care-calendar-for-healthy-seasonal-trees.webp,thumbs/tree-services/summer-tree-care-calendar-for-healthy-seasonal-trees.webp,1536,1024,524976,summer_tree_care_calendar_for_healthy_seasonal_trees.png
tree-services/summer-tree-care-checklist-alabama-june-for-a-healthy-shaded-yard,Tree Services,Summer tree care checklist alabama june for a healthy shaded yard,images/tree-services/summer-tree-care-checklist-alabama-june-for-a-healthy-shaded-yard.webp,thumbs/tree-services/summer-tree-care-checklist-alabama-june-for-a-healthy-shaded-yard.webp,1536,1024,633710,summer_tree_care_checklist_alabama_june_for_a_healthy_shaded_yard.png
tree-services/tree-company-in-mitchell-county-nc-helping-with-safe-yard-tree-care,Tree Services,Tree company in mitchell county nc helping with safe yard tree care,images/tree-services/tree-company-in-mitchell-county-nc-helping-with-safe-yard-tree-care.webp,thumbs/tree-services/tree-company-in-mitchell-county-nc-helping-with-safe-yard-tree-care.webp,1536,1024,489954,tree_company_in_mitchell_county_nc_helping_with_safe_yard_tree_care.png
tree-services/tree-disease-signs-alabama-summer-showing-spotted-leaves-on-a-yard-tree,Tree Services,Tree disease signs alabama summer showing spotted leaves on a yard tree,images/tree-services/tree-disease-signs-alabama-summer-showing-spotted-leaves-on-a-yard-tree.webp,thumbs/tree-services/tree-disease-signs-alabama-summer-showing-spotted-leaves-on-a-yard-tree.webp,1536,1024,385824,tree_disease_signs_alabama_summer_showing_spotted_leaves_on_a_yard_tree.png
tree-services/tree-diseases-summer-in-alabama-showing-oak-leaf-discoloration,Tree Services,Tree diseases summer in alabama showing oak leaf discoloration,images/tree-services/tree-diseases-summer-in-alabama-showing-oak-leaf-discoloration.webp,thumbs/tree-services/tree-diseases-summer-in-alabama-showing-oak-leaf-discoloration.webp,1536,1024,287438,tree_diseases_summer_in_alabama_showing_oak_leaf_discoloration.png
tree-services/tree-leaning-toward-house-with-visible-safety-risk,Tree Services,Tree leaning toward house with visible safety risk,images/tree-services/tree-leaning-toward-house-with-visible-safety-risk.webp,thumbs/tree-services/tree-leaning-toward-house-with-visible-safety-risk.webp,1448,1086,467874,tree_leaning_toward_house_with_visible_safety_risk.png
tree-services/tree-maintenance-calendar-for-kansas-city-yard-care,Tree Services,Tree maintenance calendar for kansas city yard care,images/tree-services/tree-maintenance-calendar-for-kansas-city-yard-care.webp,thumbs/tree-services/tree-maintenance-calendar-for-kansas-city-yard-care.webp,1536,1024,355394,tree_maintenance_calendar_for_kansas_city_yard_care.png
tree-services/tree-pruning-for-mature-oaks-to-support-strong-branches,Tree Services,Tree pruning for mature oaks to support strong branches,images/tree-services/tree-pruning-for-mature-oaks-to-support-strong-branches.webp,thumbs/tree-services/tree-pruning-for-mature-oaks-to-support-strong-branches.webp,1536,1024,487752,tree_pruning_for_mature_oaks_to_support_strong_branches.png
tree-services/tree-removal-cost-assessment-for-a-backyard-tree-near-a-home,Tree Services,Tree removal cost assessment for a backyard tree near a home,images/tree-services/tree-removal-cost-assessment-for-a-backyard-tree-near-a-home.webp,thumbs/tree-services/tree-removal-cost-assessment-for-a-backyard-tree-near-a-home.webp,1536,1024,404766,tree_removal_cost_assessment_for_a_backyard_tree_near_a_home.png
tree-services/tree-removal-emergency-work-variant-1,Tree Services,Tree removal emergency work variant 1,images/tree-services/tree-removal-emergency-work-variant-1.webp,thumbs/tree-services/tree-removal-emergency-work-variant-1.webp,1536,1024,586030,tree-removal-emergency-work-variant-1.png
tree-services/tree-removal-emergency-work-variant-2,Tree Services,Tree removal emergency work variant 2,images/tree-services/tree-removal-emergency-work-variant-2.webp,thumbs/tree-services/tree-removal-emergency-work-variant-2.webp,1254,1254,479468,tree-removal-emergency-work-variant-2.png
tree-services/tree-removal-emergency-work-variant-3,Tree Services,Tree removal emergency work variant 3,images/tree-services/tree-removal-emergency-work-variant-3.webp,thumbs/tree-services/tree-removal-emergency-work-variant-3.webp,1402,1122,374890,tree-removal-emergency-work-variant-3.png
tree-services/tree-removal-emergency-work-variant-4,Tree Services,Tree removal emergency work variant 4,images/tree-services/tree-removal-emergency-work-variant-4.webp,thumbs/tree-services/tree-removal-emergency-work-variant-4.webp,1536,1024,441164,tree-removal-emergency-work-variant-4.png
tree-services/tree-removal-for-leaning-trees-near-a-home-for-safer-yard-protection,Tree Services,Tree removal for leaning trees near a home for safer yard protection,images/tree-services/tree-removal-for-leaning-trees-near-a-home-for-safer-yard-protection.webp,thumbs/tree-services/tree-removal-for-leaning-trees-near-a-home-for-safer-yard-protection.webp,1536,1024,499366,tree_removal_for_leaning_trees_near_a_home_for_safer_yard_protection.png
tree-services/tree-removal-near-retaining-walls-handled-carefully-beside-a-landscaped-yard,Tree Services,Tree removal near retaining walls handled carefully beside a landscaped yard,images/tree-services/tree-removal-near-retaining-walls-handled-carefully-beside-a-landscaped-yard.webp,thumbs/tree-services/tree-removal-near-retaining-walls-handled-carefully-beside-a-landscaped-yard.webp,1536,1024,520554,tree_removal_near_retaining_walls_handled_carefully_beside_a_landscaped_yard.png
tree-services/tree-removal-permits-in-kansas-city-mo-review-for-a-residential-property,Tree Services,Tree removal permits in kansas city mo review for a residential property,images/tree-services/tree-removal-permits-in-kansas-city-mo-review-for-a-residential-property.webp,thumbs/tree-services/tree-removal-permits-in-kansas-city-mo-review-for-a-residential-property.webp,1536,1024,296700,tree_removal_permits_in_kansas_city_mo_review_for_a_residential_property.png
tree-services/tree-removal-stump-grinding-variant-1,Tree Services,Tree removal stump grinding variant 1,images/tree-services/tree-removal-stump-grinding-variant-1.webp,thumbs/tree-services/tree-removal-stump-grinding-variant-1.webp,1536,1024,486536,tree-removal-stump-grinding-variant-1.png
tree-services/tree-removal-stump-grinding-variant-2,Tree Services,Tree removal stump grinding variant 2,images/tree-services/tree-removal-stump-grinding-variant-2.webp,thumbs/tree-services/tree-removal-stump-grinding-variant-2.webp,1254,1254,637022,tree-removal-stump-grinding-variant-2.png
tree-services/tree-removal-stump-grinding-variant-3,Tree Services,Tree removal stump grinding variant 3,images/tree-services/tree-removal-stump-grinding-variant-3.webp,thumbs/tree-services/tree-removal-stump-grinding-variant-3.webp,1536,1024,378580,tree-removal-stump-grinding-variant-3.png
tree-services/tree-removal-stump-grinding-variant-4,Tree Services,Tree removal stump grinding variant 4,images/tree-services/tree-removal-stump-grinding-variant-4.webp,thumbs/tree-services/tree-removal-stump-grinding-variant-4.webp,1536,1024,634812,tree-removal-stump-grinding-variant-4.png
tree-services/tree-removal-variant-1,Tree Services,Tree removal variant 1,images/tree-services/tree-removal-variant-1.webp,thumbs/tree-services/tree-removal-variant-1.webp,1536,1024,384000,tree-removal-variant-1.png
tree-services/tree-removal-variant-2,Tree Services,Tree removal variant 2,images/tree-services/tree-removal-variant-2.webp,thumbs/tree-services/tree-removal-variant-2.webp,1254,1254,602880,tree-removal-variant-2.png
tree-services/tree-removal-variant-3,Tree Services,Tree removal variant 3,images/tree-services/tree-removal-variant-3.webp,thumbs/tree-services/tree-removal-variant-3.webp,1254,1254,372174,tree-removal-variant-3.png
tree-services/tree-removal-variant-4,Tree Services,Tree removal variant 4,images/tree-services/tree-removal-variant-4.webp,thumbs/tree-services/tree-removal-variant-4.webp,1536,1024,605410,tree-removal-variant-4.png
tree-services/tree-removal-variant-5,Tree Services,Tree removal variant 5,images/tree-services/tree-removal-variant-5.webp,thumbs/tree-services/tree-removal-variant-5.webp,1536,1024,590890,tree-removal-variant-5.png
tree-services/tree-removal-variant-6,Tree Services,Tree removal variant 6,images/tree-services/tree-removal-variant-6.webp,thumbs/tree-services/tree-removal-variant-6.webp,1254,1254,589292,tree-removal-variant-6.png
tree-services/tree-removal-variant-7,Tree Services,Tree removal variant 7,images/tree-services/tree-removal-variant-7.webp,thumbs/tree-services/tree-removal-variant-7.webp,1536,1024,415722,tree-removal-variant-7.png
tree-services/tree-removal-variant-8,Tree Services,Tree removal variant 8,images/tree-services/tree-removal-variant-8.webp,thumbs/tree-services/tree-removal-variant-8.webp,1536,1024,571296,tree-removal-variant-8.png
tree-services/tree-trimming-for-sidewalk-clearance-near-a-clean-walking-path,Tree Services,Tree trimming for sidewalk clearance near a clean walking path,images/tree-services/tree-trimming-for-sidewalk-clearance-near-a-clean-walking-path.webp,thumbs/tree-services/tree-trimming-for-sidewalk-clearance-near-a-clean-walking-path.webp,1536,1024,464538,tree_trimming_for_sidewalk_clearance_near_a_clean_walking_path.png
tree-services/tree-trimming-for-storm-drain-clearance-near-a-residential-yard-drain,Tree Services,Tree trimming for storm drain clearance near a residential yard drain,images/tree-services/tree-trimming-for-storm-drain-clearance-near-a-residential-yard-drain.webp,thumbs/tree-services/tree-trimming-for-storm-drain-clearance-near-a-residential-yard-drain.webp,1536,1024,416594,tree_trimming_for_storm_drain_clearance_near_a_residential_yard_drain.png
tree-services/tree-trimming-service-athens-al-summer-for-safer-yard-care,Tree Services,Tree trimming service athens al summer for safer yard care,images/tree-services/tree-trimming-service-athens-al-summer-for-safer-yard-care.webp,thumbs/tree-services/tree-trimming-service-athens-al-summer-for-safer-yard-care.webp,1536,1024,506904,tree_trimming_service_athens_al_summer_for_safer_yard_care.png
tree-services/tree-trimming-variant-1,Tree Services,Tree trimming variant 1,images/tree-services/tree-trimming-variant-1.webp,thumbs/tree-services/tree-trimming-variant-1.webp,1536,1024,668932,tree-trimming-variant-1.png
tree-services/tree-trimming-variant-2,Tree Services,Tree trimming variant 2,images/tree-services/tree-trimming-variant-2.webp,thumbs/tree-services/tree-trimming-variant-2.webp,1254,1254,519596,tree-trimming-variant-2.png
tree-services/tree-trimming-variant-3,Tree Services,Tree trimming variant 3,images/tree-services/tree-trimming-variant-3.webp,thumbs/tree-services/tree-trimming-variant-3.webp,1254,1254,231182,tree-trimming-variant-3.png
tree-services/tree-trimming-variant-4,Tree Services,Tree trimming variant 4,images/tree-services/tree-trimming-variant-4.webp,thumbs/tree-services/tree-trimming-variant-4.webp,1536,1024,568534,tree-trimming-variant-4.png
tree-services/tree-trimming-variant-5,Tree Services,Tree trimming variant 5,images/tree-services/tree-trimming-variant-5.webp,thumbs/tree-services/tree-trimming-variant-5.webp,1536,1024,574250,tree-trimming-variant-5.png
tree-services/tree-trimming-variant-6,Tree Services,Tree trimming variant 6,images/tree-services/tree-trimming-variant-6.webp,thumbs/tree-services/tree-trimming-variant-6.webp,1254,1254,478376,tree-trimming-variant-6.png
tree-services/tree-trimming-variant-7,Tree Services,Tree trimming variant 7,images/tree-services/tree-trimming-variant-7.webp,thumbs/tree-services/tree-trimming-variant-7.webp,1254,1254,215326,tree-trimming-variant-7.png
tree-services/tree-trimming-variant-8,Tree Services,Tree trimming variant 8,images/tree-services/tree-trimming-variant-8.webp,thumbs/tree-services/tree-trimming-variant-8.webp,1536,1024,588094,tree-trimming-variant-8.png
tree-services/trees-growing-near-power-lines-showing-why-safe-trimming-matters,Tree Services,Trees growing near power lines showing why safe trimming matters,images/tree-services/trees-growing-near-power-lines-showing-why-safe-trimming-matters.webp,thumbs/tree-services/trees-growing-near-power-lines-showing-why-safe-trimming-matters.webp,1536,1024,479192,trees_growing_near_power_lines_showing_why_safe_trimming_matters.png
window-treatments/mixing-shades-and-shutters-in-a-bright-living-room,Window Treatments,Mixing shades and shutters in a bright living room,images/window-treatments/mixing-shades-and-shutters-in-a-bright-living-room.webp,thumbs/window-treatments/mixing-shades-and-shutters-in-a-bright-living-room.webp,1536,1024,200874,mixing_shades_and_shutters_in_a_bright_living_room.png
window-treatments/motorized-window-shades-in-a-bright-living-room,Window Treatments,Motorized window shades in a bright living room,images/window-treatments/motorized-window-shades-in-a-bright-living-room.webp,thumbs/window-treatments/motorized-window-shades-in-a-bright-living-room.webp,1536,1024,225220,motorized_window_shades_in_a_bright_living_room.png
window-treatments/roller-shade-fabric-options-for-a-bright-living-room,Window Treatments,Roller shade fabric options for a bright living room,images/window-treatments/roller-shade-fabric-options-for-a-bright-living-room.webp,thumbs/window-treatments/roller-shade-fabric-options-for-a-bright-living-room.webp,1536,1024,188102,roller_shade_fabric_options_for_a_bright_living_room.png
window-treatments/window-treatments-for-open-concept-homes-with-soft-natural-light,Window Treatments,Window treatments for open concept homes with soft natural light,images/window-treatments/window-treatments-for-open-concept-homes-with-soft-natural-light.webp,thumbs/window-treatments/window-treatments-for-open-concept-homes-with-soft-natural-light.webp,1536,1024,197176,window_treatments_for_open_concept_homes_with_soft_natural_light.png
